"Census Blockgroup","Children","Children_wNULLvalues","Elderly","Elderly_wNULLvalues","NonWhite","NonWhite_wNullvalues","Poverty","Poverty_wNULLvalues","Education","Education_wNULLvalues","English","English_wNULLvalues","Elevation","SeaLevelRise","Precipitation","Diabetes","MentalHealth","Asthma","Disability","Disability_wNULLvalues","HousingQuality","Homeless","LivAlone","LivAlone_wNULLvalues","FloodHealthIndex","FloodHealthIndex_Quintiles"
"060759809001","0.07295712243",,"0.0000000008",,"0.599175","0.599175","0.356678376",,"0.99607992709","0.99607992709","0.15055862845",,"-6","0.182261","0.035771","22.0584","36.52","15.1339","0.13360831861",,"14.1093","17.5025","0.48059111555","0.48059111555","84.819","5"
"060750201001","0.07989300153",,"0.12400000313","0.12400000313","0.651","0.651","0.50970601002","0.50970601002","0.72400003584","0.72400003584","0.23200000159",,"7.83292","0","0.0205164","16.0115","62.0535","10.5741","0.23800000496","0.23800000496","10.2406","15.8921","0.52200002211","0.52200002211","83.486","5"
"060750117001","0.02714900147",,"0.1030000009",,"0.697","0.697","0.37859500272","0.37859500272","0.86200001526","0.86200001526","0.17100000128",,"-1.99906","0.106609","0.00532113","1.4068","98.5924","0.8008","0.18700000128",,"39.5622","4.9374","0.6350000075","0.6350000075","83.4791","5"
"060750178021","0.084215","0.084215","0.088","0.088","0.584","0.584","0.327362","0.327362","0.843","0.843","0.119","0.119","-5.96629","0.0645794","0.0241664","14.9856","54.0699","9.5802","0.229","0.229","7.04366","19.2683","0.427","0.427","82.4925","5"
"060750125012","0.09533150978",,"0.22199906769","0.22199906769","0.726001","0.726001","0.79475029013","0.79475029013","0.69499738993","0.69499738993","0.20299925795","0.20299925795","7.13278","0","0.00410501","15.5","63.7499","12.9672","0.42499797137","0.42499797137","13.7255","14.6184","0.73199689019","0.73199689019","81.8061","5"
"060750176011","0.109834","0.109834","0.141","0.141","0.733","0.733","0.550862","0.550862","0.806","0.806","0.117","0.117","10.6969","0","0.00862461","16.0094","62.0594","10.5831","0.227","0.227","170.94","19.2683","0.609","0.609","81.7994","5"
"060750201003","0.079893","0.079893","0.124","0.124","0.651","0.651","0.509706","0.509706","0.724","0.724","0.232","0.232","5.81684","0","0.028468","15.9985","61.8836","10.5438","0.238","0.238","9.68738","3.2195","0.522","0.522","81.506","5"
"060750101001","0.05751665777","0.05751665777","0.19751667","0.19751667","0.557799","0.557799","0.32755633911","0.32755633911","0.87850698","0.87850698","0.18474196","0.18474196","-7.52577","0.228203","0.00314665","5.1173","22.3352","4.0437","0.12971244","0.12971244","4.54545","4.8488","0.51688442","0.51688442","81.1858","5"
"060750232002","0.25512766087",,"0.10099057438","0.10099057438","0.943005",,"0.42760483778","0.42760483778","0.70993307123","0.70993307123","0.09199123288",,"-6","0.102409","0.0151036","23.1903","38.5638","16.1088","0.10798980444",,"6.2182","17.613","0.26597487641",,"80.8657","5"
"060750201002","0.07989308496","0.07989308496","0.12400012094","0.12400012094","0.650999","0.650999","0.5097063393","0.5097063393","0.72400092825","0.72400092825","0.23200008166","0.23200008166","13.9179","0","0.0137591","16.0125","62.05","10.5693","0.238000184","0.238000184","11.5778","3.2195","0.52200053132","0.52200053132","80.8327","5"
"060750124012","0.11706","0.11706","0.096","0.096","0.781","0.781","0.755098","0.755098","0.683","0.683","0.288","0.288","46.1449","0","0.00636154","12.9919","52.7672","9.9502","0.223","0.223","13.036","19.2683","0.551","0.551","80.8061","5"
"060750178012","0.018917",,"0.554","0.554","0.741","0.741","0.577931","0.577931","0.64","0.64","0.535","0.535","-4.2587","0.0691119","0.00908376","9.9","14.55","4.6817","0.452","0.452","0.462321","19.2683","0.678","0.678","80.5259","5"
"060750612001","0.2072650087",,"0.105",,"0.917","0.917","0.50377604254",,"0.63600011881","0.63600011881","0.22000001796",,"0.851755","0.000183621","0.00701462","23.2","38.58","16.1156","0.09000001594",,"8.45712","17.613","0.26400005732","0.26400005732","80.1859","5"
"060750180001","0.04230102964",,"0.05000019586",,"0.602","0.602","0.29961524601","0.29961524601","0.86400046089","0.86400046089","0.04800020957",,"-5.3631","0.348208","0.0347239","9.9","14.5501","4.6817","0.13400015916","0.13400015916","3.03306","19.2683","0.57100031698","0.57100031698","80.179","5"
"060750125021","0.043981",,"0.25","0.25","0.868","0.868","0.725127","0.725127","0.57","0.57","0.419","0.419","35.2041","0","0.00600325","15.4995","63.7475","12.9667","0.327","0.327","6.70196","19.2683","0.673","0.673","79.8128","5"
"060750176015","0.109834","0.109834","0.141","0.141","0.733","0.733","0.550862","0.550862","0.806","0.806","0.117","0.117","10.0642","0","0.00402495","16.0068","62.0689","10.5959","0.227","0.227","6.98324","19.2683","0.609","0.609","79.1461","5"
"060750177002","0.08403901168",,"0.09700001999","0.09700001999","0.565","0.565","0.32648107454","0.32648107454","0.78300015808","0.78300015808","0.08500002415",,"3.85416","0","0.155139","15.6917","58.2542","9.9887","0.15800003482","0.15800003482","18.6841","10.2643","0.45100011511","0.45100011511","78.8193","5"
"060750124011","0.11706","0.11706","0.096","0.096","0.781","0.781","0.755098","0.755098","0.683","0.683","0.288","0.288","55.3915","0","0.00724379","12.9732","52.6854","9.9277","0.223","0.223","8.62999","19.2683","0.551","0.551","78.8128","5"
"060750234001","0.30035037641","0.30035037641","0.11599976358","0.11599976358","0.964",,"0.62935730221","0.62935730221","0.6949989039","0.6949989039","0.1559996041",,"-0.903518","0.0177518","0.0102606","23.2","38.58","16.1156","0.14899963001","0.14899963001","8.51257","17.613","0.16899988568","0.16899988568","78.1992","5"
"060750177001","0.08403908947",,"0.09700005052",,"0.565","0.565","0.32648124602","0.32648124602","0.78300070645","0.78300070645","0.08500005217",,"2.04311","0","0.0361009","15.677","58.0795","9.961","0.15800007572","0.15800007572","9.86611","13.468","0.45100033999","0.45100033999","78.1593","5"
"060750180002","0.04230103543",,"0.04999998363",,"0.602","0.602","0.29961457624","0.29961457624","0.86399910877","0.86399910877","0.04800009368",,"-5.63326","0.0825639","0.0500197","15.9986","61.9417","10.5559","0.13399977779","0.13399977779","2.26347","19.2683","0.57099901176","0.57099901176","77.8525","5"
"060750230011","0.15826610764",,"0.17900003894",,"0.946",,"0.49657736126",,"0.6190008548","0.6190008548","0.23500015448",,"5.01168","0","0.0310967","23.1528","38.4944","16.0818","0.10700011114",,"4.86381","17.5492","0.16700036074",,"77.2193","5"
"060750161001","0.12108663674","0.12108663674","0.26999919","0.26999919","0.747001","0.747001","0.63120210639","0.63120210639","0.815997552","0.815997552","0.330999007","0.330999007","60.1828","0","0.0207141","15.4969","63.7362","12.9636","0.232999301","0.232999301","3.72671","3.7988","0.518998443","0.518998443","76.5394","5"
"060750234002","0.30034390321",,"0.11599726021","0.11599726021","0.964001",,"0.6293439562","0.6293439562","0.69498370077","0.69498370077","0.15599631332",,"-5.60678","0.0802676","0.010397","23.1982","38.577","16.1143","0.14899645561",,"5.39127","17.613","0.16899602665",,"76.2192","5"
"060750611003","0.13591935918","0.13591935918","0.28800288","0.28800288","0.958","0.958","0.80036500357","0.80036500357","0.36300363","0.36300363","0.71500715","0.71500715","21.2992","0","0.00953898","6.4","20.214","5.0322","0.16100161","0.16100161","5.37634","4.9374","0.44300443","0.44300443","75.8527","5"
"060750201004","0.0798928392","0.0798928392","0.12399971252","0.12399971252","0.651","0.651","0.50970464932","0.50970464932","0.7239986556","0.7239986556","0.23199930126","0.23199930126","13.3651","0","0.00203913","14.5435","44.6513","7.9031","0.23799933297","0.23799933297","10.6317","3.2195","0.5219987944","0.5219987944","75.4995","5"
"060750208001","0.088483","0.088483","0.102","0.102","0.695","0.695","0.42737","0.42737","0.716","0.716","0.19","0.19","13.4626","0","0.0420492","13.9","37.03","6.7351","0.111","0.111","4.68823","3.2195","0.402","0.402","74.546","5"
"060750161003","0.121087","0.121087","0.27","0.27","0.747","0.747","0.631204","0.631204","0.816","0.816","0.331","0.331","76.5","0","0.0701956","12.109","23.2106","5.4658","0.233","0.233","3.38696","3.7988","0.519","0.519","74.5394","5"
"060750176013","0.10983400384","0.10983400384","0.14100000894","0.14100000894","0.733","0.733","0.55086203201","0.55086203201","0.806000028","0.806000028","0.11700000818","0.11700000818","13.3595","0","0.000784223","16.0081","62.0643","10.5897","0.22700001712","0.22700001712","10.0975","19.2683","0.60900002949","0.60900002949","74.4729","5"
"060750161002","0.121087","0.121087","0.27","0.27","0.747","0.747","0.631204","0.631204","0.816","0.816","0.331","0.331","73","0","0.0285327","11.0276","35.0448","7.5797","0.233","0.233","2.13129","3.7988","0.519","0.519","74.2194","5"
"060750101002","0.05853101714","0.05853101714","0.20100003409","0.20100003409","0.55","0.55","0.33333305379","0.33333305379","0.89400014183","0.89400014183","0.18800001613","0.18800001613","-4.97354","0.0902349","0.0029272","5.787","21.339","4.5737","0.1320000128","0.1320000128","2.75755","4.9374","0.52600005986","0.52600005986","74.1993","5"
"060750124022","0.07014347266",,"0.119999075","0.119999075","0.591003","0.591003","0.44745956701","0.44745956701","0.94899287017","0.94899287017","0.14499885792",,"40.4319","0","0.00296698","15.5","63.75","12.9672","0.20899837643","0.20899837643","8.43486","19.2682","0.69099477091","0.69099477091","74.1395","5"
"060759806001","0.11613137008",,"0.14067584657","0.14067584657","0.932087","0.932087","0.45000753571","0.45000753571","0.71502142787","0.71502142787","0.0349264477",,"-42","0.351565","0.000888618","23.018","38.2773","15.9891","0.09216695225",,"1.39179","17.3221","0.26679902897",,"73.9059","5"
"060750612002","0.20726509897",,"0.10500000804",,"0.917",,"0.5037764186",,"0.63600113045","0.63600113045","0.22000016965",,"7.47451","0","0.0063782","23.2","38.58","16.1156","0.09000015265",,"9.48185","17.613","0.26400053933","0.26400053933","73.5194","5"
"060750264022","0.185283","0.185283","0.165","0.165","0.91","0.91","0.178459","0.178459","0.823","0.823","0.167","0.167","51.4698","0","0.00584931","11.2506","16.9016","7.5385","0.101","0.101","8.88611","17.613","0.216","0.216","62.8595","5"
"060750125022","0.04398078009",,"0.24999875","0.24999875","0.868001","0.868001","0.72512337436","0.72512337436","0.56999715","0.56999715","0.418997905","0.418997905","32.5967","0","0.00193155","15.5","63.75","12.9674","0.326998365","0.326998365","2.1164","19.2683","0.672996635","0.672996635","73.1862","5"
"060750208003","0.08848282303","0.08848282303","0.101999796","0.101999796","0.695001","0.695001","0.42736914526","0.42736914526","0.715998568","0.715998568","0.18999962","0.18999962","28.7876","0","0.00723333","13.9","37.03","6.7351","0.110999778","0.110999778","9.47258","3.2195","0.401999196","0.401999196","73.1861","5"
"060750178011","0.018917",,"0.554","0.554","0.741","0.741","0.577931","0.577931","0.64","0.64","0.535","0.535","-0.392771","0","0.000012271","15.9297","61.6605","10.5043","0.452","0.452","3.84442","19.2683","0.678","0.678","73.1729","5"
"060750607002","0.08884100387",,"0.06300000458",,"0.621","0.621","0.22317502743","0.22317502743","0.9590000791","0.9590000791","0.1380000044",,"-1.99789","0.0933219","0.0628603","13.1735","40.1618","7.8483","0.04900001227","0.04900001227","9.80391","17.613","0.36900005228","0.36900005228","73.1725","5"
"060750176014","0.10983410363",,"0.14100017729","0.14100017729","0.732999","0.732999","0.5508626611","0.5508626611","0.80600140209","0.80600140209","0.11700021423","0.11700021423","24.4763","0","0.00115384","16.0085","62.0633","10.5882","0.22700030879","0.22700030879","2.96861","19.2683","0.60900102091","0.60900102091","71.8462","5"
"060750123011","0.05977691074",,"0.33099943109","0.33099943109","0.692001","0.692001","0.73854609324","0.73854609324","0.69099967457","0.69099967457","0.33099954774","0.33099954774","30.7125","0","0","15.5","63.75","12.9674","0.3629994243","0.3629994243","9.34374","11.9301","0.66399944592","0.66399944592","71.813","5"
"060750161004","0.12108697494","0.12108697494","0.26999933208","0.26999933208","0.747","0.747","0.63120263917","0.63120263917","0.81599973002","0.81599973002","0.33099895287","0.33099895287","90.2893","0","0.0426114","12.109","23.2084","5.4654","0.23299945755","0.23299945755","1.65563","3.7988","0.51899886406","0.51899886406","71.2261","5"
"060750208002","0.088483","0.088483","0.102","0.102","0.695","0.695","0.42737","0.42737","0.716","0.716","0.19","0.19","15.3961","0","0.00580859","13.9","37.03","6.7351","0.111","0.111","4.76425","3.2195","0.402","0.402","71.2061","5"
"060750176012","0.10983389017","0.10983389017","0.140999859","0.140999859","0.733","0.733","0.55086144914","0.55086144914","0.805999194","0.805999194","0.116999883","0.116999883","9.34156","0","0","16.0078","62.0657","10.5915","0.226999773","0.226999773","7.33496","19.2683","0.608999391","0.608999391","71.1463","5"
"060750155002","0.06851092708",,"0.33699919687","0.33699919687","0.519","0.519","0.38986110482","0.38986110482","0.85899866054","0.85899866054","0.22399941719",,"99","0","0.0663649","12.1","23.1","5.4453","0.27299928754","0.27299928754","2.21729","3.7988","0.53099900138","0.53099900138","70.8861","5"
"060750155003","0.06851123463",,"0.33700028582","0.33700028582","0.518999","0.518999","0.38986244067","0.38986244067","0.8590020145","0.8590020145","0.22400011488",,"127.819","0","0.0103421","12.1","23.1","5.4453","0.27300014899","0.27300014899","5.49726","3.216","0.5310007954","0.5310007954","70.8595","5"
"060750228021","0.13369433693","0.13369433693","0.1700017","0.1700017","0.663997","0.663997","0.45445154447","0.45445154447","0.81600816","0.81600816","0.09600096",,"33.853","0","0.00722504","13.8747","36.8883","6.7222","0.15100151","0.15100151","7.8696","17.613","0.20800208","0.20800208","70.2061","5"
"060750105002","0.08615656491","0.08615656491","0.266869689","0.266869689","0.40816","0.40816","0.17155781967","0.17155781967","0.944383881","0.944383881","0.045298914",,"-5.6175","0.503456","0.00432662","0","29.377","0","0.073856925","0.073856925","0.743216","4.8628","0.54161745","0.54161745","69.8791","5"
"060750107001","0.09433284672","0.09433284672","0.24299952896","0.24299952896","0.798","0.798","0.55921572945","0.55921572945","0.53999945338","0.53999945338","0.60899829506","0.60899829506","34.0034","0","0.00129861","6.4","20.43","5.0582","0.18699953589","0.18699953589","15.4142","4.9374","0.40799922901",,"69.8329","5"
"060750107003","0.094333","0.094333","0.243","0.243","0.798","0.798","0.559217","0.559217","0.54","0.54","0.609","0.609","32.079","0","0.00115145","6.4","20.43","5.0582","0.187","0.187","19.2351","4.9374","0.408","0.408","69.8329","5"
"060750159002","0.09820110454","0.09820110454","0.22800001155","0.22800001155","0.609","0.609","0.41279433415","0.41279433415","0.92500014445","0.92500014445","0.19500010727","0.19500010727","94.178","0","0.0481529","12.1","23.1","5.4453","0.14000013476","0.14000013476","1.36674","3.7988","0.50699993392","0.50699993392","69.2261","5"
"060750123022","0.027006","0.027006","0.083","0.083","0.594","0.594","0.508488","0.508488","0.942","0.942","0.187","0.187","58.844","0","0.000604806","15.4514","63.4915","12.9138","0.134","0.134","8.94188","8.5435","0.69","0.69","69.1463","5"
"060750122011","0.05616290425",,"0.1239998808","0.1239998808","0.696","0.696","0.46153765952","0.46153765952","0.81699989222","0.81699989222","0.11199995333","0.11199995333","94.2689","0","0.00320096","7.9","30.47","3.8247","0.2189992347","0.2189992347","16.9711","19.2682","0.5939998512","0.5939998512","69.1329","5"
"060750264031","0.1574280112","0.1574280112","0.179373306","0.179373306","0.959812",,"0.509226113","0.509226113","0.662603032","0.662603032","0.33816279","0.33816279","5.71889","0","0.0121491","11.0508","16.586","7.4023","0.092137108","0.092137108","2.36407","17.613","0.195056218","0.195056218","68.9127","5"
"060750233001","0.18770405492","0.18770405492","0.10700002137","0.10700002137","0.925",,"0.26533710829","0.26533710829","0.70600013469","0.70600013469","0.31000002595",,"6.85869","0","0.0205596","23.1784","38.5407","16.1001","0.07100002607","0.07100002607","3.35345","17.613","0.12700003868",,"68.906","5"
"060750230013","0.15826623934","0.15826623934","0.17900016745","0.17900016745","0.946",,"0.49657740118","0.49657740118","0.61900083494","0.61900083494","0.23500019362","0.23500019362","40.2072","0","0.00854089","23.1964","38.5735","16.113","0.10700008304","0.10700008304","1.41243","17.613","0.16700014784",,"68.5861","5"
"060750479012","0.14515994712",,"0.17666772453","0.17666772453","0.576196","0.576196","0.25316912528",,"0.89723226344","0.89723226344","0.08039373423",,"-5.2389","0.0969352","0.00457584","4.3","12.6683","2.7114","0.115131392","0.115131392","6.01374","4.5809","0.31561951776",,"68.5391","5"
"060750117002","0.02715000344",,"0.1030005466",,"0.696999","0.696999","0.37859708614","0.37859708614","0.86200100649","0.86200100649","0.17099960588",,"2.20918","0","0.000200808","6.1773","58.0441","4.1035","0.18700052176",,"36.6636","4.9376","0.63500050356","0.63500050356","68.4729","5"
"060750604001","0.10342671884",,"0.14988529937","0.14988529937","0.572953","0.572953","0.30937581252","0.30937581252","0.75361323684","0.75361323684","0.11220463731",,"-7","0.150102","0.00163051","7.9937","13.7991","3.9467","0.15574673126","0.15574673126","2.12684","0.2602","0.47812571647","0.47812571647","68.2592","5"
"060750264032","0.16061131187","0.16061131187","0.18300018346","0.18300018346","0.959",,"0.51952221509","0.51952221509","0.67600118654","0.67600118654","0.34500020894","0.34500020894","19.16","0","0.00892812","11.2","16.81","7.5022","0.09400011991","0.09400011991","2.50627","17.613","0.19900028068","0.19900028068","68.2394","5"
"060750232001","0.25515204767","0.25515204767","0.1010000339","0.1010000339","0.943",,"0.42764506089","0.42764506089","0.71000021707","0.71000021707","0.092000035",,"0.165285","0","0.00606483","23.2","38.58","16.1156","0.10800001941","0.10800001941","6.88428","17.613","0.26600004401",,"68.1927","5"
"060750257021","0.2169051513","0.2169051513","0.15000008628","0.15000008628","0.906",,"0.42490221398","0.42490221398","0.59300056907","0.59300056907","0.18700024986","0.18700024986","39.0465","0","0.0456571","11.2378","16.8785","7.5294","0.06600005725","0.06600005725","5.1716","6.1946","0.08700010239",,"67.8927","5"
"060750125011","0.095332","0.095332","0.222","0.222","0.726","0.726","0.794754","0.794754","0.695","0.695","0.203","0.203","28.3296","0","0","15.5","63.7497","12.9672","0.425","0.425","2.09974","19.2683","0.732","0.732","67.853","5"
"060750178022","0.084215","0.084215","0.088","0.088","0.584","0.584","0.327362","0.327362","0.843","0.843","0.119","0.119","7.91903","0","0.000990721","16.0125","62.05","10.5693","0.229","0.229","12.3267","19.2683","0.427","0.427","67.8129","5"
"060750264011","0.17438210526",,"0.16500007365","0.16500007365","0.96",,"0.43503432281","0.43503432281","0.650000333","0.650000333","0.31400012466","0.31400012466","46.0526","0","0.00841007","11.2","16.81","7.5022","0.10900007815","0.10900007815","1.91402","17.613","0.16700011655",,"67.2461","5"
"060750208004","0.088483","0.088483","0.102","0.102","0.695","0.695","0.42737","0.42737","0.716","0.716","0.19","0.19","35.7277","0","0.00184849","13.9","37.03","6.7351","0.111","0.111","5.20569","3.2195","0.402","0.402","67.2062","5"
"060750123012","0.05977635381",,"0.33099619246","0.33099619246","0.692003","0.692003","0.73854079982","0.73854079982","0.6909954315","0.6909954315","0.33099761519","0.33099761519","60.0299","0","0","15.4673","63.6068","12.9281","0.36299631124","0.36299631124","2.64971","19.2683","0.66399548807","0.66399548807","67.1797","5"
"060750168021","0.0385790796",,"0.0789998382","0.0789998382","0.422001","0.422001","0.25245281365","0.25245281365","0.90299873975","0.90299873975","0.03999991993",,"39.8524","0","0.00641991","15.5075","63.7252","12.9325","0.12499967816","0.12499967816","5.81395","3.7988","0.55699935374","0.55699935374","66.8461","5"
"060750615002","0.092821","0.092821","0.057",,"0.49","0.49","0.171948","0.171948","0.965","0.965","0.081",,"-2.84302","0","0","2.0667","20.2943","0.9773","0.081",,"3.71829","19.2683","0.474","0.474","42.5196","2"
"060750113001","0.10039172981","0.10039172981","0.3119991686","0.3119991686","0.811001","0.811001","0.56784244524","0.56784244524","0.4969989705","0.4969989705","0.48699859182","0.48699859182","82.2489","0","0.00192379","6.4","15.497","4.4665","0.2299993664","0.2299993664","10.2083","4.9374","0.39199907885","0.39199907885","66.8396","5"
"060750106002","0.09367309954","0.09367309954","0.18000015733","0.18000015733","0.712999","0.712999","0.57942119275","0.57942119275","0.75600105258","0.75600105258","0.33500009196",,"11.3461","0","0","6.3905","20.4441","5.0507","0.13900008531","0.13900008531","14.038","4.9374","0.48100053737","0.48100053737","66.8263","5"
"060750122021","0.06820409519",,"0.09000020834","0.09000020834","0.675999","0.675999","0.57681180151","0.57681180151","0.83400165173","0.83400165173","0.22900022906","0.22900022906","85.2266","0","0.00233038","7.9","30.47","3.8247","0.20500022886","0.20500022886","6.91293","17.743","0.54000118422","0.54000118422","66.8196","5"
"060750124021","0.0701440075",,"0.12000000963","0.12000000963","0.591","0.591","0.44746303761","0.44746303761","0.94900005503","0.94900005503","0.14500000799","0.14500000799","31.2717","0","0","15.5","63.7499","12.9672","0.2090000155","0.2090000155","6.80903","19.2683","0.69100004158","0.69100004158","66.813","5"
"060750160001","0.0380090153","0.0380090153","0.23000002018","0.23000002018","0.502","0.502","0.27390312936","0.27390312936","0.96400018704","0.96400018704","0.10300005136",,"57.8595","0","0.00079063","12.2317","49.4384","9.0357","0.15800004598","0.15800004598","4.27866","3.7988","0.58600012111","0.58600012111","66.5263","5"
"060750104001","0.08983914036","0.08983914036","0.14200027914","0.14200027914","0.434999","0.434999","0.17396344051","0.17396344051","0.95000116148","0.95000116148","0.08300013208",,"2.67431","0","0.0208879","6.4","20.43","5.0582","0.07700010485","0.07700010485","8.53414","4.9374","0.48500049019","0.48500049019","66.4993","5"
"060750162001","0.08179704154",,"0.07000008755","0.07000008755","0.412","0.412","0.32296522796","0.32296522796","0.97700034641","0.97700034641","0.03600010703",,"48.0136","0","0.0627237","15.5","63.75","12.9674","0.09100009026","0.09100009026","10.7829","3.7988","0.64200023252","0.64200023252","66.4927","5"
"060750202002","0.082187","0.082187","0.117","0.117","0.485","0.485","0.328246","0.328246","0.898","0.898","0.079","0.079","28.0016","0","0.00859612","16.0125","62.05","10.5693","0.178","0.178","5.35373","2.1589","0.514","0.514","66.2061","5"
"060750611001","0.13591796","0.13591796","0.28799994157","0.28799994157","0.958","0.958","0.80035663152","0.80035663152","0.36300052237","0.36300052237","0.71499951062",,"0.328464","0","0.000993458","1.1723","28.5067","0.9263","0.16099995721","0.16099995721","8.65801","4.9374","0.44300009385","0.44300009385","66.1662","5"
"060750254032","0.16650580001","0.16650580001","0.12600133175","0.12600133175","0.792998","0.792998","0.36649379304",,"0.82000885296","0.82000885296","0.17700181711",,"9.30935","0","0.0907231","13.8619","36.8079","6.7337","0.12300126479",,"2.98198","3.2195","0.19600208972","0.19600208972","65.926","5"
"060750610001","0.25439674388",,"0.09840963418","0.09840963418","0.887674",,"0.12908674472","0.12908674472","0.85984150352","0.85984150352","0.13121277862",,"-6","0.116232","0.003804","20.9956","34.5823","14.5336","0.07057660541",,"3.28484","17.5348","0.18389678985",,"65.8991","5"
"060750258002","0.21514505588","0.21514505588","0.14000004976","0.14000004976","0.892","0.892","0.42619605382","0.42619605382","0.70300024821","0.70300024821","0.18600005037","0.18600005037","54.9599","0","0.0106334","11.2362","16.8757","7.5282","0.11200003046","0.11200003046","4.25713","14.2216","0.21200006514","0.21200006514","65.8861","5"
"060750229032","0.14691585533","0.14691585533","0.10999989192","0.10999989192","0.681","0.681","0.31745468625","0.31745468625","0.8989991173","0.8989991173","0.06399993646",,"-6.29274","0","0.0154046","13.8884","36.9636","6.7292","0.09799990346","0.09799990346","5.76576","17.5685","0.27099973283","0.27099973283","65.866","5"
"060750264012","0.17438182562","0.17438182562","0.164999835","0.164999835","0.96",,"0.43503356497","0.43503356497","0.64999935","0.64999935","0.313999686","0.313999686","46.0846","0","0.003005","11.2","16.81","7.5022","0.108999891","0.108999891","2.84252","17.613","0.166999833","0.166999833","65.2395","5"
"060750106003","0.093673","0.093673","0.18","0.18","0.713","0.713","0.579421","0.579421","0.756","0.756","0.335","0.335","55.8844","0","0","6.4","20.43","5.0582","0.139","0.139","13.6649","4.9374","0.481","0.481","65.1597","5"
"060750229012","0.20362259275","0.20362259275","0.070999858","0.070999858","0.752001","0.752001","0.42237215525","0.42237215525","0.705998588","0.705998588","0.202999594","0.202999594","26.8071","0","0.011389","13.9","37.03","6.7351","0.11499977","0.11499977","4.79754","3.2195","0.241999516","0.241999516","64.8994","5"
"060750123021","0.02700627006","0.02700627006","0.08300083","0.08300083","0.593996","0.593996","0.50849308488","0.50849308488","0.94200942","0.94200942","0.18700187","0.18700187","80.9116","0","0","11.7026","47.1215","8.3992","0.13400134","0.13400134","10.9138","12.1252","0.6900069","0.6900069","64.8064","5"
"060750352012","0.15499192949","0.15499192949","0.12687797348","0.12687797348","0.673314","0.673314","0.21868967419","0.21868967419","0.85118134709","0.85118134709","0.11189239204","0.11189239204","-5.0342","0.1198","0.0194161","4.8692","8.9413","2.7249","0.08192121524","0.08192121524","2.72387","1.8744","0.24576363264","0.24576363264","64.599","5"
"060750229033","0.14691542539","0.14691542539","0.10999957118","0.10999957118","0.681001","0.681001","0.3174537517","0.3174537517","0.8989964987","0.8989964987","0.06399974667",,"-1.36219","0","0.0109497","13.9","37.03","6.7351","0.09799961651","0.09799961651","6.96622","3.2195","0.27099893826","0.27099893826","64.546","5"
"060750607001","0.08495047493","0.08495047493","0.060241104","0.060241104","0.637597","0.637597","0.2134017204","0.2134017204","0.917003472","0.917003472","0.131956704","0.131956704","-9.19874","0.392933","0.0217367","2.6926","4.0262","1.2786","0.046854192","0.046854192","0.363328","19.0468","0.352840752","0.352840752","64.219","5"
"060750121002","0.00980403213",,"0.10899997685","0.10899997685","0.490001","0.490001","0.37185562436","0.37185562436","0.89799902332","0.89799902332","0.12199981477",,"74.4042","0","0.000223484","10.9785","36.3624","8.3343","0.108999823","0.108999823","10.2936","4.9374","0.59899951262","0.59899951262","64.153","5"
"060750257012","0.18549602827","0.18549602827","0.15400001783","0.15400001783","0.79","0.79","0.2615380424",,"0.66000013783","0.66000013783","0.16200001874",,"5.05103","0","0.0842673","11.214","16.8461","7.5104","0.08200001326",,"1.2747","3.2195","0.18700002985","0.18700002985","63.9393","5"
"060750257022","0.216905027","0.216905027","0.15000003054","0.15000003054","0.906",,"0.42490208472","0.42490208472","0.5930001056","0.5930001056","0.18700004009","0.18700004009","17.5707","0","0.00441322","11.2646","16.9272","7.5486","0.06600001825","0.06600001825","3.89963","6.6462","0.08700002849",,"63.9061","5"
"060750231031","0.45220942623",,"0.03499423435",,"0.926012",,"0.84001152046",,"0.7408780127","0.7408780127","0.08498600421",,"-6","0.266661","0.00125631","23.1977","38.5762","16.114","0.12597924911",,"1.02171","17.613","0.29095208825",,"63.8992","5"
"060750105001","0.08609189109","0.08609189109","0.26666931079","0.26666931079","0.408605","0.408605","0.17142919985","0.17142919985","0.94367489828","0.94367489828","0.04526507622",,"-9.12355","0.215732","0.000270616","0.0005","29.9187","0.0004","0.07380152242","0.07380152242","2.31711","4.8573","0.5412108607","0.5412108607","63.8726","5"
"060750107004","0.094333","0.094333","0.243","0.243","0.798","0.798","0.559217","0.559217","0.54","0.54","0.609","0.609","61.4258","0","0","6.4","20.43","5.0582","0.187","0.187","9.51391","4.9374","0.408","0.408","63.8397","5"
"060750106001","0.093673","0.093673","0.18","0.18","0.713","0.713","0.579421","0.579421","0.756","0.756","0.335","0.335","83.3807","0","0","6.4","20.43","5.0582","0.139","0.139","15.3509","4.9374","0.481","0.481","63.8264","5"
"060750611002","0.135918","0.135918","0.288","0.288","0.958","0.958","0.800357","0.800357","0.363","0.363","0.715","0.715","14.0666","0","0","6.3907","9.9926","3.7973","0.161","0.161","12.0092","4.9374","0.443","0.443","63.8263","5"
"060750122012","0.05616366728",,"0.12399930017","0.12399930017","0.696002","0.696002","0.46154071619","0.46154071619","0.81699606435","0.81699606435","0.11200206052","0.11200206052","70.6417","0","0","7.9","30.47","3.8247","0.21899947903","0.21899947903","12.685","19.2683","0.59399786662","0.59399786662","63.7997","5"
"060750354001","0.13302698245","0.13302698245","0.13896657298","0.13896657298","0.640087","0.640087","0.24645773798","0.24645773798","0.79680828493","0.79680828493","0.16296077089",,"-5","0.0942422","0.0139764","6.4259","10.77","2.5215","0.1179716368","0.1179716368","2.75027","1.8757","0.26093732863","0.26093732863","63.5992","5"
"060750228022","0.1336931347","0.1336931347","0.17000012957","0.17000012957","0.663999","0.663999","0.45444721287","0.45444721287","0.81600107925","0.81600107925","0.09600004041",,"37.951","0","0.00346149","13.8871","36.958","6.7285","0.15100009683","0.15100009683","2.15471","14.0072","0.20800038628","0.20800038628","63.5795","5"
"060750209002","0.139742","0.139742","0.094","0.094","0.661","0.661","0.464475","0.464475","0.804","0.804","0.181","0.181","35.3238","0","0.00251554","13.9","37.03","6.7351","0.12","0.12","6.46552","3.2195","0.288","0.288","63.5462","5"
"060750264042","0.21115088834","0.21115088834","0.113213448","0.113213448","0.981456",,"0.42413271142","0.42413271142","0.679280688","0.679280688","0.207883314","0.207883314","29.5647","0","0.0136077","10.9437","16.4253","7.3306","0.094669866","0.094669866","1.56863","17.613","0.147372678","0.147372678","63.2594","5"
"060750107002","0.094333","0.094333","0.243","0.243","0.798","0.798","0.559217","0.559217","0.54","0.54","0.609","0.609","81.3358","0","0","6.4","20.43","5.0582","0.187","0.187","17.1603","4.9374","0.408","0.408","63.1664","5"
"060750162003","0.08179675461","0.08179675461","0.06999979","0.06999979","0.412002","0.412002","0.3229640311","0.3229640311","0.976997069","0.976997069","0.035999892",,"53.8268","0","0.00975911","15.5","63.75","12.9674","0.090999727","0.090999727","8.61731","3.7988","0.641998074","0.641998074","63.1661","5"
"060750229013","0.203623","0.203623","0.071","0.071","0.752","0.752","0.422373","0.422373","0.706","0.706","0.203","0.203","29.0997","0","0.00938619","13.9","37.03","6.7351","0.115","0.115","3.20233","3.2195","0.242","0.242","62.9194","5"
"060750264041","0.2133701945","0.2133701945","0.11440317459","0.11440317459","0.981262",,"0.42859066549","0.42859066549","0.68641969425","0.68641969425","0.21006793296","0.21006793296","54.5295","0","0.0109524","11.2","16.81","7.5022","0.09566484028","0.09566484028","3.96826","17.613","0.14892151929",,"62.9061","5"
"060750228032","0.151459","0.151459","0.068","0.068","0.704","0.704","0.342664","0.342664","0.789","0.789","0.183","0.183","21.83","0","0.00825946","13.9","37.03","6.7351","0.09","0.09","5.12821","3.2195","0.238","0.238","62.8994","5"
"060759805011","0.12705903031",,"0.22200002884","0.22200002884","0.9",,"0.64352905137","0.64352905137","0.63700013727","0.63700013727","0.35200003348","0.35200003348","94.9613","0","0.00138564","11.0656","16.6967","7.367","0.20000001804",,"0.855798","11.2762","0.30700003163",,"62.5663","5"
"060750229022","0.092276","0.092276","0.094","0.094","0.675","0.675","0.25935","0.25935","0.808","0.808","0.064",,"24.1614","0","0.00763633","13.9","37.03","6.7351","0.101","0.101","6.97674","3.2195","0.169","0.169","62.5594","5"
"060750124023","0.07014385504",,"0.11999956874","0.11999956874","0.591002","0.591002","0.44746208994","0.44746208994","0.94899645552","0.94899645552","0.14499978122","0.14499978122","63.1238","0","0","11.7082","47.146","8.4059","0.20899934697","0.20899934697","4.64157","19.2682","0.6909975135","0.6909975135","62.4997","5"
"060750202003","0.08218702735","0.08218702735","0.1170000319","0.1170000319","0.485","0.485","0.32824606215","0.32824606215","0.89800034211","0.89800034211","0.0790000167",,"29.806","0","0.00143536","14.961","49.5961","8.6608","0.17800002705","0.17800002705","6.90845","2.1589","0.51400014444","0.51400014444","62.1929","5"
"060750202001","0.08218681274","0.08218681274","0.11699975304","0.11699975304","0.485001","0.485001","0.32824556461","0.32824556461","0.89799778841","0.89799778841","0.07900006628",,"33.3276","0","0.00058145","15.9328","61.7193","10.5806","0.17799969998","0.17799969998","6.08167","3.9499","0.51399889123","0.51399889123","62.1796","5"
"060750257011","0.18549609932","0.18549609932","0.1540000806","0.1540000806","0.79","0.79","0.26153820854","0.26153820854","0.66000048796","0.66000048796","0.16200011158","0.16200011158","24.6128","0","0.0155898","11.1151","16.8817","7.3889","0.08200007056","0.08200007056","2.13163","3.2195","0.18700011783","0.18700011783","61.9327","5"
"060750258001","0.21514456971","0.21514456971","0.13999972","0.13999972","0.892","0.892","0.42619514761","0.42619514761","0.702998594","0.702998594","0.185999628","0.185999628","45.8064","0","0.00715435","11.2","16.81","7.5022","0.111999776","0.111999776","2.82486","3.2195","0.211999576","0.211999576","61.9261","5"
"060750162002","0.0817970089",,"0.07000001822","0.07000001822","0.412","0.412","0.32296505824","0.32296505824","0.97700020832","0.97700020832","0.03600000923",,"44.1598","0","0.0450285","15.5","63.75","12.9674","0.09100002884","0.09100002884","2.58398","3.7988","0.6420001285","0.6420001285","61.8727","5"
"060750615001","0.09275074068",,"0.05695686902",,"0.490386","0.490386","0.17181789469","0.17181789469","0.96426962734","0.96426962734","0.08093870718",,"-6.34025","0.159217","0.00156751","3.4437","30.822","2.2718","0.08093871141",,"9.61098","19.2139","0.47364127833","0.47364127833","61.8192","5"
"060750257023","0.21690508524","0.21690508524","0.15000009792","0.15000009792","0.906",,"0.42490210399","0.42490210399","0.59300048306","0.59300048306","0.1870000908","0.1870000908","67.1251","0","0.0266926","11.2","16.81","7.5022","0.06600006053","0.06600006053","0.237586","3.2195","0.08700016498",,"61.2794","5"
"060750230032","0.17438098557","0.17438098557","0.12399996185","0.12399996185","0.908",,"0.22273501139","0.22273501139","0.79399977768","0.79399977768","0.12800009669",,"16.4502","0","0.0034909","23.2","38.58","16.1156","0.07099999088","0.07099999088","7.07483","17.613","0.16099995841",,"61.2128","4"
"060750228033","0.15145863616","0.15145863616","0.06799992372","0.06799992372","0.704","0.704","0.34266318722","0.34266318722","0.78899846672","0.78899846672","0.1829993873",,"29.3621","0","0.0052607","13.9","37.03","6.7351","0.08999982443","0.08999982443","5.97371","3.2195","0.23799949368","0.23799949368","60.8928","4"
"060750259001","0.14364468523",,"0.16499958661","0.16499958661","0.793001",,"0.17523200497","0.17523200497","0.81399759884","0.81399759884","0.15299973299","0.15299973299","94.2554","0","0.0132547","11.2","16.81","7.5022","0.10199975158","0.10199975158","2.82768","3.2195","0.27799911999",,"60.5728","4"
"060750259002","0.143645","0.143645","0.165","0.165","0.793","0.793","0.175232","0.175232","0.814","0.814","0.153","0.153","79.9126","0","0.00651091","11.2","16.81","7.5022","0.102","0.102","4.62963","3.2195","0.278","0.278","60.5595","4"
"060750231032","0.45225605339",,"0.03499792976",,"0.926005",,"0.84009828462","0.84009828462","0.74095463091","0.74095463091","0.0849947563",,"-6","0.0362374","0.0026704","23.1997","38.5795","16.1154","0.12599226671",,"2.1395","17.613","0.29098214901",,"60.5593","4"
"060750159001","0.09820026637","0.09820026637","0.22799838308","0.22799838308","0.609003","0.609003","0.41279101616","0.41279101616","0.92499339464","0.92499339464","0.19499858152",,"99.2734","0","0.000176121","9.9799","26.8223","4.6275","0.13999903329","0.13999903329","3.54251","3.7988","0.50699643238","0.50699643238","60.5397","4"
"060750118001","0.143678","0.143678","0.205","0.205","0.933",,"0.72931","0.72931","0.547","0.547","0.643","0.643","28.3231","0","0","6.376","9.1248","3.6293","0.156","0.156","9.21558","4.9374","0.388","0.388","60.513","4"
"060750209004","0.13974181753","0.13974181753","0.09399996151","0.09399996151","0.660999","0.660999","0.4644739008","0.4644739008","0.80400015807","0.80400015807","0.18099955493",,"59.004","0","0.000293284","13.9","37.03","6.7351","0.11999983322","0.11999983322","11.9367","3.2195","0.2880002609","0.2880002609","60.193","4"
"060750110001","0.049595","0.049595","0.103","0.103","0.538","0.538","0.272864","0.272864","0.844","0.844","0.133","0.133","140.196","0","0.00632962","7.9","30.47","3.8247","0.059",,"8.8632","4.9374","0.432","0.432","60.1662","4"
"060750104003","0.08983904781","0.08983904781","0.14200009186","0.14200009186","0.435","0.435","0.1739632957","0.1739632957","0.95000038582","0.95000038582","0.08300017097",,"-0.671813","0.00110015","0.000293607","5.9398","21.1124","4.6945","0.07700007094","0.07700007094","10.4167","4.9374","0.48500024547","0.48500024547","60.1661","4"
"060750261001","0.173549","0.173549","0.171","0.171","0.892","0.892","0.277262","0.277262","0.756","0.756","0.285","0.285","127.25","0","0.0413164","8.2","14.28","4.4834","0.106","0.106","3.64742","0.5207","0.212","0.212","59.6128","4"
"060750332011","0.02107000092",,"0.04900000328","0.04900000328","0.542","0.542","0.6781770078","0.6781770078","0.92500001484","0.92500001484","0.1720000029","0.1720000029","26.0138","0","0.0148146","8","13.81","3.9498","0.09100000187","0.09100000187","0.190422","0.2606","0.33400000563","0.33400000563","59.6127","4"
"060750209001","0.13974172052","0.13974172052","0.093999812","0.093999812","0.661001","0.661001","0.46447407105","0.46447407105","0.803998392","0.803998392","0.180999638","0.180999638","49.5745","0","0","13.9","37.03","6.7351","0.11999976","0.11999976","9.91854","3.2195","0.287999424","0.287999424","59.533","4"
"060750232003","0.2551520187","0.2551520187","0.1010000133","0.1010000133","0.943",,"0.42764502388","0.42764502388","0.71000008514","0.71000008514","0.09200001372",,"28.884","0","0.000801244","23.2","38.58","16.1156","0.10800000761","0.10800000761","10.0942","17.613","0.26600001726","0.26600001726","59.5196","4"
"060750119021","0.032","0.032","0.158","0.158","0.564","0.564","0.384762","0.384762","0.893","0.893","0.094",,"109.138","0","0.0017554","6.4","8.63","3.6429","0.078","0.078","10.3905","4.9374","0.681","0.681","59.4863","4"
"060750111003","0.060557","0.060557","0.144","0.144","0.455","0.455","0.221957","0.221957","0.881","0.881","0.149","0.149","145.4","0","0.00124836","7.9","30.47","3.8247","0.127","0.127","11.2534","4.811","0.563","0.563","59.4797","4"
"060750256001","0.1586590099","0.1586590099","0.16300000822","0.16300000822","0.824","0.824","0.26963101396","0.26963101396","0.77200003523","0.77200003523","0.21600000865","0.21600000865","70.5451","0","0.0713831","8.6647","14.7205","4.9416","0.09500000438","0.09500000438","2.51099","1.158","0.19400000998","0.19400000998","59.2794","4"
"060750230012","0.15826590288","0.15826590288","0.17899979802","0.17899979802","0.946","0.946","0.4965762871","0.4965762871","0.61899976104","0.61899976104","0.23499969106","0.23499969106","47.8371","0","0","23.2","38.58","16.1156","0.10699987533","0.10699987533","1.86666","17.613","0.16699986858","0.16699986858","59.253","4"
"060750251003","0.131897","0.131897","0.113","0.113","0.48","0.48","0.217519","0.217519","0.957","0.957","0.027",,"-9.22917","0","0.0263384","15.8421","37.3265","8.6989","0.086","0.086","4.45037","3.5196","0.225","0.225","59.2393","4"
"060750151002","0.00724307459",,"0.35400033545","0.35400033545","0.402999","0.402999","0.15306656815","0.15306656815","0.92300157002","0.92300157002","0.06200021799",,"130.129","0","0.000956471","7.9","30.47","3.8247","0.19300028186","0.19300028186","4.90712","1.9599","0.69000096625","0.69000096625","59.1997","4"
"060750127001","0.1180559588","0.1180559588","0.11091368086","0.11091368086","0.195389","0.195389","0.11261922862","0.11261922862","0.9369287964","0.9369287964","0.01848561367",,"-7.31167","0.329432","0.036074","0","5.1518","0","0.09826563148","0.09826563148","4.94624","0.3398","0.48646352757","0.48646352757","58.899","4"
"060750103002","0.103083","0.103083","0.205","0.205","0.434","0.434","0.323516","0.323516","0.853","0.853","0.097","0.097","39.3251","0","0.00252754","6.4","20.43","5.0582","0.077","0.077","4.2838","3.7836","0.36","0.36","58.8862","4"
"060750228011","0.15701606923","0.15701606923","0.06900007981","0.06900007981","0.549","0.549","0.29384533439","0.29384533439","0.84100056023","0.84100056023","0.07400014866","0.07400014866","5.65703","0","0.0781005","13.9","37.03","6.7351","0.05900008685","0.05900008685","2.95921","6.5987","0.28800031454","0.28800031454","58.886","4"
"060750615006","0.0902233465","0.0902233465","0.05540482282",,"0.504273","0.504273","0.1671359512","0.1671359512","0.93799388783","0.93799388783","0.07873318837",,"-6.32806","0.181343","0.0020022","5.3243","17.9054","2.5178","0.0787331533",,"0.652315","18.7256","0.46073478138","0.46073478138","58.8725","4"
"060750477012","0.11753","0.11753","0.178","0.178","0.634","0.634","0.252739","0.252739","0.85","0.85","0.238","0.238","128.83","0","0.0124882","4.3","12.69","2.7109","0.091","0.091","6.18101","4.6154","0.395","0.395","58.8595","4"
"060750113002","0.10039139765","0.10039139765","0.311998128","0.311998128","0.811001","0.811001","0.56784059294","0.56784059294","0.496997018","0.496997018","0.486997078","0.486997078","93.1945","0","0","6.4","8.6307","3.643","0.22999862","0.22999862","7.07447","4.9374","0.391997648","0.391997648","58.8464","4"
"060750120002","0.04434477828","0.04434477828","0.1199994","0.1199994","0.540002","0.540002","0.47136964314","0.47136964314","0.952995235","0.952995235","0.122999385","0.122999385","116.033","0","0.00126996","7.9","30.47","3.8247","0.078999605","0.078999605","19.9275","4.8098","0.67599662","0.67599662","58.813","4"
"060750354005","0.133059","0.133059","0.139","0.139","0.64","0.64","0.246517","0.246517","0.797","0.797","0.163","0.163","10.6801","0","0.0211538","6.4379","10.7931","2.5324","0.118","0.118","2.40892","1.8472","0.261","0.261","58.606","4"
"060750264023","0.185283","0.185283","0.165","0.165","0.91","0.91","0.178459","0.178459","0.823","0.823","0.167","0.167","113.151","0","0.00725477","11.2","16.81","7.5022","0.101","0.101","3.79987","17.613","0.216","0.216","58.2262","4"
"060759802001","0.06999647612",,"0.39399512161","0.39399512161","0.282829","0.282829","0.10499521324",,"0.94758320819","0.94758320819","0.17555225673",,"-5.2","0.00887451","0.000448397","4.3","12.69","2.7109","0.00000000105","0.00000000105","0","4.5683","0.46980177888",,"58.2261","4"
"060750155001","0.06851108725",,"0.33700065017","0.33700065017","0.518998","0.518998","0.38986224017","0.38986224017","0.85900237176","0.85900237176","0.22400001605",,"124.54","0","0","9.9906","26.8014","4.6314","0.27300027314","0.27300027314","3.21285","3.7988","0.53100172196","0.53100172196","58.2131","4"
"060750103001","0.103083","0.103083","0.205","0.205","0.434","0.434","0.323516","0.323516","0.853","0.853","0.097","0.097","12.9121","0","0.000997978","6.4012","20.4383","5.0572","0.077","0.077","6.3063","3.0599","0.36","0.36","58.2129","4"
"060750120001","0.044345","0.044345","0.12","0.12","0.54","0.54","0.471372","0.471372","0.953","0.953","0.123","0.123","130.962","0","0.00103708","7.9","30.47","3.8247","0.079","0.079","9.62334","4.8097","0.676","0.676","58.153","4"
"060750478011","0.103535","0.103535","0.212","0.212","0.684","0.684","0.229067","0.229067","0.895","0.895","0.215","0.215","109.527","0","0.0153392","4.3","12.69","2.7109","0.14","0.14","1.78731","4.6154","0.297","0.297","57.9128","4"
"060750226001","0.08659412808","0.08659412808","0.04039623",,"0.460422","0.460422","0.06906889697","0.06906889697","0.951235035","0.951235035","0.020198115",,"-7.8","0.126973","0.00341955","8.2462","12.1195","3.8996","0.02308356",,"2.95858","17.2145","0.30393354","0.30393354","57.8858","4"
"060750203001","0.07823770737","0.07823770737","0.12299953693","0.12299953693","0.348003","0.348003","0.2084152475","0.2084152475","0.94799643005","0.94799643005","0.03399988353",,"56.4383","0","0.0206499","6.6741","9.7732","3.6492","0.10499962402","0.10499962402","8.90588","2.1589","0.4389983711","0.4389983711","57.8594","4"
"060750179021","0.14911596893","0.14911596893","0.02330006307",,"0.754453",,"0.63735796683","0.63735796683","0.79489052159","0.79489052159","0.02150776116",,"-7.58461","0.380881","0.0000759257","97.3687","0.9466","0.2787","0.15234654544","0.15234654544","0","17.579","0.06273097875",,"57.5926","4"
"060750209003","0.139742","0.139742","0.094","0.094","0.661","0.661","0.464475","0.464475","0.804","0.804","0.181","0.181","53.5594","0","0","13.9","37.03","6.7351","0.12","0.12","7.1736","3.2195","0.288","0.288","57.5397","4"
"060750168023","0.03857888426",,"0.078999763","0.078999763","0.422002","0.422002","0.25245224264","0.25245224264","0.902997291","0.902997291","0.03999988",,"57.0685","0","0","15.5","63.75","12.9674","0.124999625","0.124999625","8.61424","3.4252","0.556998329","0.556998329","57.4997","4"
"060750314002","0.11263508875","0.11263508875","0.14100009452","0.14100009452","0.898","0.898","0.42178615106","0.42178615106","0.70700042071","0.70700042071","0.23200010764","0.23200010764","246.478","0","0.00709732","8.2","14.28","4.4834","0.11200004917","0.11200004917","7.20612","0.5207","0.22700003552","0.22700003552","57.2463","4"
"060750102001","0.06064864052","0.06064864052","0.18577783095","0.18577783095","0.164988","0.164988","0.15946663653",,"0.98422731545","0.98422731545","0.0098818869",,"-6.44932","0.0776233","0.000758237","7.6793","29.5442","3.7997","0.03656270437",,"9.29325","0.3408","0.57413250386","0.57413250386","57.1994","4"
"060750152003","0.09655196174",,"0.20100035968","0.20100035968","0.34","0.34","0.22546443023","0.22546443023","0.9719999975","0.9719999975","0.08100034428","0.08100034428","126.648","0","0.00181702","12.1","23.1","5.4453","0.11500038703","0.11500038703","6.52742","3.0921","0.61599996816","0.61599996816","57.1863","4"
"060750261004","0.17354901885","0.17354901885","0.17100001286","0.17100001286","0.892","0.892","0.27726202456","0.27726202456","0.75600008912","0.75600008912","0.28500001408",,"129.533","0","0.00997506","8.2","14.28","4.4834","0.10600000747","0.10600000747","1.50376","0.5207","0.21200002063","0.21200002063","56.9595","4"
"060750354003","0.133059","0.133059","0.139","0.139","0.64","0.64","0.246517","0.246517","0.797","0.797","0.163","0.163","9.41693","0","0.0166417","6.4","10.72","2.498","0.118","0.118","2.80347","1.8761","0.261","0.261","56.9327","4"
"060750158013","0.14266261031","0.14266261031","0.12799965148","0.12799965148","0.584001","0.584001","0.36155607325","0.36155607325","0.92999775496","0.92999775496","0.08599976196",,"101.694","0","0.00318079","12.0991","23.0986","5.445","0.120999688","0.120999688","6.68822","3.7988","0.2919994145","0.2919994145","56.8729","4"
"060750103003","0.103083","0.103083","0.205","0.205","0.434","0.434","0.323516","0.323516","0.853","0.853","0.097","0.097","94.9719","0","0.00129685","6.4036","20.4544","5.0552","0.077","0.077","6.39422","4.0278","0.36","0.36","56.8663","4"
"060750477011","0.11752988247","0.11752988247","0.177999822","0.177999822","0.634","0.634","0.25273874726","0.25273874726","0.84999915","0.84999915","0.237999762","0.237999762","129.209","0","0.00762872","4.3","12.69","2.7109","0.090999909","0.090999909","5.04055","4.6154","0.394999605","0.394999605","56.8662","4"
"060750228012","0.15701584298","0.15701584298","0.068999931","0.068999931","0.549","0.549","0.29384470616","0.29384470616","0.840999159","0.840999159","0.073999926","0.073999926","12.7995","0","0.0041732","13.9","37.03","6.7351","0.058999941","0.058999941","5.00402","5.9226","0.287999712","0.287999712","56.8661","4"
"060750108001","0.093325","0.093325","0.174","0.174","0.573","0.573","0.267211","0.267211","0.828","0.828","0.185","0.185","139.905","0","0.000530965","6.902","23.7902","4.6454","0.096","0.096","8.24098","4.9374","0.423","0.423","56.8464","4"
"060750168022","0.03857895307",,"0.07899975162","0.07899975162","0.422001","0.422001","0.25245241479","0.25245241479","0.90299764167","0.90299764167","0.03999986975",,"85.0675","0","0","13.696","53.9647","11.1205","0.12499965417","0.12499965417","11.3208","3.7988","0.55699830349","0.55699830349","56.8264","4"
"060750126021","0.14760788668","0.14760788668","0.09697713835","0.09697713835","0.181513","0.181513","0.07067694341",,"0.94261761529","0.94261761529","0.06885374304",,"-7.59946","0.348189","0.0292888","0","5.159","0","0.06303512257",,"5.07614","0.3354","0.52852531357","0.52852531357","56.559","4"
"060750229021","0.092276","0.092276","0.094","0.094","0.675","0.675","0.25935","0.25935","0.808","0.808","0.064",,"36.008","0","0.00150597","13.9","37.03","6.7351","0.101","0.101","9.61539","3.2195","0.169","0.169","56.5529","4"
"060750427002","0.14152712112","0.14152712112","0.16400018344","0.16400018344","0.62","0.62","0.35426826046","0.35426826046","0.80300087598","0.80300087598","0.26600024527","0.26600024527","123.346","0","0.00318644","4.3","12.69","2.7109","0.13200009378","0.13200009378","4.62449","4.6154","0.41700040707","0.41700040707","56.5396","4"
"060750615003","0.09197159503","0.09197159503","0.056478393",,"0.494667","0.494667","0.17037450385","0.17037450385","0.956169285","0.956169285","0.080258769",,"-16.99","0.227608","0.0014319","0","21.81","0","0.080258769",,"1.70068","19.0926","0.469662426","0.469662426","56.5392","4"
"060750229011","0.20362306486","0.20362306486","0.07100004363","0.07100004363","0.752","0.752","0.42237321559","0.42237321559","0.70600037318","0.70600037318","0.20300008401","0.20300008401","36.5588","0","0","13.9","37.03","6.7351","0.1150000557","0.1150000557","9.83227","3.2195","0.24200013368","0.24200013368","56.213","4"
"060750210001","0.08944703881","0.08944703881","0.09200002959","0.09200002959","0.313","0.313","0.11116003805","0.11116003805","0.97100025566","0.97100025566","0.0370000026",,"69.3542","0","0.0189519","13.9","37.03","6.7351","0.07300002388","0.07300002388","13.5659","2.1589","0.42500008383","0.42500008383","56.1861","4"
"060750121001","0.00980395098",,"0.108999455","0.108999455","0.490003","0.490003","0.37185414072","0.37185414072","0.89799551","0.89799551","0.12199939","0.12199939","105.708","0","0","7.9177","30.4811","3.8531","0.108999455","0.108999455","6.56872","4.9374","0.598997005","0.598997005","56.1664","4"
"060750111002","0.06055704095",,"0.14400015435","0.14400015435","0.455","0.455","0.22195726485","0.22195726485","0.88100087667","0.88100087667","0.14900008658",,"151.668","0","0.000184353","7.9","30.47","3.8247","0.12700010452","0.12700010452","10.223","4.8521","0.56300051786","0.56300051786","56.1531","4"
"060750427003","0.141527","0.141527","0.164","0.164","0.62","0.62","0.354268","0.354268","0.803","0.803","0.266","0.266","133.613","0","0.00555894","4.3","12.69","2.7109","0.132","0.132","2.06923","4.6154","0.417","0.417","55.8929","4"
"060750109003","0.063924","0.063924","0.145","0.145","0.355","0.355","0.16519","0.16519","0.955","0.955","0.078","0.078","86.2689","0","0.00463633","7.8368","30.2676","3.7941","0.077","0.077","7.57135","3.179","0.54","0.54","55.8462","4"
"060750605021","0.30496206759","0.30496206759","0.06800006396","0.06800006396","0.96",,"0.65788616863","0.65788616863","0.70800025195","0.70800025195","0.14100012171","0.14100012171","79.7825","0","0.0117341","11.2","16.81","7.5022","0.11100004225","0.11100004225","0.909505","17.613","0.15600006473",,"55.5928","4"
"060750605022","0.30496139008","0.30496139008","0.067999864","0.067999864","0.96",,"0.65788468423","0.65788468423","0.707998584","0.707998584","0.140999718","0.140999718","73.0882","0","0.0068221","11.2","16.81","7.5022","0.110999778","0.110999778","0.736649","17.613","0.155999688",,"55.5928","4"
"060750254023","0.18624454102","0.18624454102","0.09899978847","0.09899978847","0.625001","0.625001","0.17681063408",,"0.90099802081","0.90099802081","0.06499982542",,"7.4639","0","0.079745","13.8966","37.0045","6.7361","0.04799992104",,"6.19835","3.2195","0.17899963318","0.17899963318","55.566","4"
"060750228013","0.157016","0.157016","0.069","0.069","0.549","0.549","0.293845","0.293845","0.841","0.841","0.074","0.074","10.831","0","0.0059246","13.9","37.03","6.7351","0.059","0.059","6.65421","3.2195","0.288","0.288","55.5461","4"
"060750263011","0.14693259358","0.14693259358","0.14999957416","0.14999957416","0.857","0.857","0.4024038347","0.4024038347","0.69199807139","0.69199807139","0.32999903734","0.32999903734","177.48","0","0.00631395","8.2042","14.2836","4.4876","0.10899969079","0.10899969079","4.26986","0.5207","0.15199957397","0.15199957397","55.2796","4"
"060750230031","0.17438012609","0.17438012609","0.12399942782","0.12399942782","0.908001","0.908001","0.22273417823","0.22273417823","0.79399587895","0.79399587895","0.12799947226","0.12799947226","45.2265","0","0.00261742","23.2","38.58","16.1156","0.07099968158","0.07099968158","1.74034","17.613","0.16099922398","0.16099922398","55.2595","4"
"060750254031","0.166504","0.166504","0.126","0.126","0.793","0.793","0.36649","0.36649","0.82","0.82","0.177","0.177","83.3562","0","0.00182579","9.3241","18.784","4.9266","0.123","0.123","6.30372","2.9416","0.196","0.196","55.2396","4"
"060750256004","0.15865884134","0.15865884134","0.162999837","0.162999837","0.824","0.824","0.26963073037","0.26963073037","0.771999228","0.771999228","0.215999784","0.215999784","106.956","0","0.00260651","9.2751","15.1867","5.5653","0.094999905","0.094999905","4.14639","0.9145","0.193999806","0.193999806","54.9329","4"
"060750253004","0.16209783978","0.16209783978","0.08599993094","0.08599993094","0.492","0.492","0.20437280891","0.20437280891","0.92299896575","0.92299896575","0.10599972373",,"52.9378","0","0.0242866","13.9","37.03","6.7351","0.05699994799",,"10.0376","3.0326","0.2589998212","0.2589998212","54.8794","4"
"060750111001","0.060557","0.060557","0.144","0.144","0.455","0.455","0.221957","0.221957","0.881","0.881","0.149","0.149","158.284","0","0.000548748","7.9","30.47","3.8247","0.127","0.127","6.17844","4.9374","0.563","0.563","54.8331","4"
"060750314004","0.112635","0.112635","0.141","0.141","0.898","0.898","0.421786","0.421786","0.707","0.707","0.232","0.232","270.148","0","0.00621148","8.2","14.28","4.4833","0.112","0.112","5.13179","0.5207","0.227","0.227","54.593","4"
"060750427001","0.14152709604","0.14152709604","0.16399988541","0.16399988541","0.62","0.62","0.35426802885","0.35426802885","0.80299987101","0.80299987101","0.26599979323","0.26599979323","123.069","0","0.00202981","4.3","12.69","2.7109","0.13199976526","0.13199976526","3.45622","3.9085","0.41700001638","0.41700001638","54.5463","4"
"060750102003","0.061374","0.061374","0.188","0.188","0.155","0.155","0.161374","0.161374","0.996","0.996","0.01",,"-2.13881","0","0.00206312","7.7003","29.8302","3.728","0.037",,"6.82594","0.3448","0.581","0.581","54.5328","4"
"060750260012","0.197504","0.197504","0.127","0.127","0.897","0.897","0.350037","0.350037","0.717","0.717","0.195","0.195","160.195","0","0.0136425","8.2","14.28","4.4834","0.087","0.087","4.94252","0.5207","0.185","0.185","54.2662","4"
"060750251001","0.131897","0.131897","0.113","0.113","0.48","0.48","0.217519","0.217519","0.957","0.957","0.027",,"20.0034","0","0.00512827","13.9","37.03","6.7351","0.086","0.086","6.12662","3.2195","0.225","0.225","54.2261","4"
"060750215001","0.148567","0.148567","0.11","0.11","0.368","0.368","0.120491","0.120491","0.941","0.941","0.046",,"65.9838","0","0.0153918","9.8372","26.3327","4.8467","0.074",,"7.33753","2.2659","0.493","0.493","54.1861","4"
"060750112003","0.060429","0.060429","0.204","0.204","0.49","0.49","0.290123","0.290123","0.9","0.9","0.103","0.103","180.227","0","0.000393869","6.7009","13.011","3.6794","0.11","0.11","10.3627","4.9374","0.497","0.497","54.1598","4"
"060750314003","0.112635","0.112635","0.141","0.141","0.898","0.898","0.421786","0.421786","0.707","0.707","0.232","0.232","253.362","0","0.00199339","8.2","14.2799","4.4833","0.112","0.112","8.50881","0.5207","0.227","0.227","53.9064","4"
"060750203002","0.07823776529","0.07823776529","0.122999631","0.122999631","0.348002","0.348002","0.20841537475","0.20841537475","0.947997156","0.947997156","0.033999898",,"62.2476","0","0.00762417","6.0947","6.21","3.1649","0.104999685","0.104999685","10.9127","2.1589","0.438998683","0.438998683","53.8528","4"
"060750331003","0.191754","0.191754","0.174","0.174","0.67","0.67","0.118961","0.118961","0.916","0.916","0.109","0.109","34.9286","0","0.0104879","8","13.81","3.9498","0.064","0.064","3.5134","0.2606","0.143","0.143","45.9594","3"
"060750206001","0.07423504714","0.07423504714","0.11000005836","0.11000005836","0.273","0.273","0.17516811037","0.17516811037","0.9720005864","0.9720005864","0.02700002731",,"39.8759","0","0.00878317","6.1729","6.5177","3.2004","0.14000004956","0.14000004956","14.3322","2.1589","0.49500025171","0.49500025171","53.8461","4"
"060750108003","0.093325","0.093325","0.174","0.174","0.573","0.573","0.267211","0.267211","0.828","0.828","0.185","0.185","165.258","0","0","6.693","17.5053","4.2313","0.096","0.096","9.22722","4.9374","0.423","0.423","53.8398","4"
"060750312012","0.13017809835","0.13017809835","0.15100008884","0.15100008884","0.847","0.847","0.33184007722","0.33184007722","0.81600048068","0.81600048068","0.20000005495",,"251.963","0","0.00409668","8.2","14.28","4.4834","0.1280000493","0.1280000493","8.35884","0.2606","0.15400008936","0.15400008936","53.593","4"
"060750119022","0.032","0.032","0.158","0.158","0.564","0.564","0.384762","0.384762","0.893","0.893","0.094",,"158.572","0","0","6.4","8.63","3.6429","0.078","0.078","24.3","4.9374","0.681","0.681","53.4798","4"
"060750354002","0.13305912201","0.13305912201","0.13900009988","0.13900009988","0.64","0.64","0.24651717215","0.24651717215","0.79700067006","0.79700067006","0.16300008808","0.16300008808","23.0906","0","0.00428864","6.4","10.72","2.498","0.11800006449","0.11800006449","2.55339","1.8761","0.26100019347","0.26100019347","53.2661","4"
"060750263012","0.146933","0.146933","0.15","0.15","0.857","0.857","0.402405","0.402405","0.692","0.692","0.33","0.33","191.119","0","0.00182378","8.2","14.28","4.4834","0.109","0.109","6.68687","0.5207","0.152","0.152","53.2597","4"
"060750151001","0.00724297103",,"0.353998584","0.353998584","0.403002","0.403002","0.15306538774","0.15306538774","0.922996308","0.922996308","0.061999752",,"162.103","0","0","7.9","30.47","3.8247","0.192999228","0.192999228","4.1511","0.3448","0.68999724","0.68999724","53.2198","4"
"060750426011","0.17611302887","0.17611302887","0.14400003744","0.14400003744","0.595","0.595","0.38457804623","0.38457804623","0.82000017908","0.82000017908","0.22800004034","0.22800004034","118.087","0","0.00806448","4.3","12.69","2.7109","0.07800001854","0.07800001854","3.60705","4.6154","0.44800006696","0.44800006696","53.2062","4"
"060750207001","0.07739100597","0.07739100597","0.07700004167","0.07700004167","0.308","0.308","0.16307416985","0.16307416985","0.9809999298","0.9809999298","0.05300002712",,"28.67","0","0.00479834","13.9","37.03","6.7351","0.06500011553","0.06500011553","22.1745","2.1589","0.39800012332","0.39800012332","53.1928","4"
"060750112001","0.06042881871","0.06042881871","0.203999388","0.203999388","0.490002","0.490002","0.29012212963","0.29012212963","0.8999973","0.8999973","0.102999691","0.102999691","152.28","0","0","6.545","10.7416","3.6605","0.10999967","0.10999967","8.59342","4.9374","0.496998509","0.496998509","53.1598","4"
"060750112002","0.060429","0.060429","0.204","0.204","0.49","0.49","0.290123","0.290123","0.9","0.9","0.103","0.103","219.975","0","0","7.0685","18.364","3.7239","0.11","0.11","15.4545","4.9374","0.497","0.497","53.1532","4"
"060750261003","0.173549","0.173549","0.171","0.171","0.892","0.892","0.277262","0.277262","0.756","0.756","0.285","0.285","151.347","0","0.00443483","8.2","14.28","4.4834","0.106","0.106","1.89702","0.5207","0.212","0.212","52.9596","4"
"060750252001","0.18985881237","0.18985881237","0.09999889686","0.09999889686","0.508998","0.508998","0.27578126662","0.27578126662","0.94699850989","0.94699850989","0.01300768856",,"26.6049","0","0.0400852","13.9","37.03","6.7351","0.06099970601","0.06099970601","5.73477","3.2195","0.25600038286","0.25600038286","52.8927","4"
"060750163001","0.079402","0.079402","0.05","0.05","0.544","0.544","0.313966","0.313966","0.927","0.927","0.022",,"65.1467","0","0.000972886","15.1342","61.7657","12.5929","0.114","0.114","6.197","3.7988","0.393","0.393","52.8663","4"
"060750477013","0.11752988247","0.11752988247","0.177999822","0.177999822","0.634","0.634","0.25273874726","0.25273874726","0.84999915","0.84999915","0.237999762","0.237999762","135.524","0","0.0024554","4.3","12.69","2.7109","0.090999909","0.090999909","5.57668","4.6154","0.394999605","0.394999605","52.8663","4"
"060750231022","0.351129","0.351129","0.084","0.084","0.944",,"0.601437","0.601437","0.835","0.835","0.042",,"55.1029","0","0.00271045","23.2","38.58","16.1156","0.11","0.11","6.82516","17.613","0.238","0.238","52.8662","4"
"060750401003","0.10874590598","0.10874590598","0.13899988047","0.13899988047","0.400001","0.400001","0.26426579153","0.26426579153","0.90999921864","0.90999921864","0.15899985009",,"163.201","0","0.0185304","3.2","6.69","1.9236","0.1159998951","0.1159998951","19.847","4.6154","0.38399967066","0.38399967066","52.8462","4"
"060750260041","0.169815","0.169815","0.131","0.131","0.91","0.91","0.371619","0.371619","0.731","0.731","0.273","0.273","159.059","0","0.00282965","8.2","14.28","4.4834","0.095","0.095","5.40905","0.5207","0.154","0.154","52.6063","4"
"060750476004","0.157537","0.157537","0.181","0.181","0.6","0.6","0.19352","0.19352","0.867","0.867","0.153","0.153","180.206","0","0","3.6936","9.3824","2.2769","0.087","0.087","3.67562","4.6154","0.254","0.254","36.5665","1"
"060750353006","0.13392505822","0.13392505822","0.18700001373","0.18700001373","0.754999","0.754999","0.21440414158","0.21440414158","0.76300038792","0.76300038792","0.18400005138","0.18400005138","54.5673","0","0.00275308","6.4","10.72","2.498","0.0950000754","0.0950000754","5.32038","1.8761","0.2270001499","0.2270001499","52.5862","4"
"060750610002","0.25222958282","0.25222958282","0.09757130441","0.09757130441","0.888631",,"0.12798705162","0.12798705162","0.85251658749","0.85251658749","0.13009511251","0.13009511251","2.64275","0","0.0094365","11.1713","16.7682","7.4832","0.06997536519","0.06997536519","1.59405","17.6129","0.18233015874","0.18233015874","52.586","4"
"060750607003","0.088841","0.088841","0.063","0.063","0.621","0.621","0.223175","0.223175","0.959","0.959","0.138","0.138","0.121053","0.0871945","0","9.9","14.55","4.6817","0.049","0.049","0.387596","19.2683","0.369","0.369","52.5528","4"
"060750104002","0.089839","0.089839","0.142","0.142","0.435","0.435","0.173963","0.173963","0.95","0.95","0.083",,"9.67952","0","0.000446427","6.4","20.43","5.0582","0.077","0.077","5.0875","4.9374","0.485","0.485","52.5196","4"
"060750260032","0.1797140604","0.1797140604","0.09500004589","0.09500004589","0.906","0.906","0.43142712227","0.43142712227","0.72400025984","0.72400025984","0.2940000888","0.2940000888","242.593","0","0.0099091","8.2118","14.29","4.4953","0.08500003336","0.08500003336","3.65746","0.5207","0.16100005442","0.16100005442","52.2796","4"
"060750261002","0.17354902698","0.17354902698","0.17100002755","0.17100002755","0.892","0.892","0.2772620739","0.2772620739","0.75600012708","0.75600012708","0.2850000606","0.2850000606","147.271","0","0.00181786","8.2","14.28","4.4834","0.10600002002","0.10600002002","3.41426","0.5207","0.21200002791","0.21200002791","52.273","4"
"060750228031","0.15145842789","0.15145842789","0.06799978457","0.06799978457","0.704001","0.704001","0.3426629022","0.3426629022","0.78899712046","0.78899712046","0.18299932486","0.18299932486","29.67","0","0","13.9","37.03","6.7351","0.08999970902","0.08999970902","5.45256","3.2195","0.23799919166","0.23799919166","52.233","4"
"060750226002","0.09003073955","0.09003073955","0.041999412",,"0.439008","0.439008","0.07180999465","0.07180999465","0.988986154","0.988986154","0.020999706",,"-5.62955","0.00389568","0.0056209","9.9683","14.6734","4.7404","0.023999664",,"1.36892","17.613","0.315995576","0.315995576","52.2326","4"
"060750451003","0.10211801668","0.10211801668","0.13500002133","0.13500002133","0.551","0.551","0.38689904054","0.38689904054","0.89200013961","0.89200013961","0.06300002439",,"164.518","0","0.0200177","3.2","6.69","1.9236","0.0770000178","0.0770000178","11.0497","4.6154","0.37900005891","0.37900005891","52.1795","4"
"060750119012","0.02831285844",,"0.126999365","0.126999365","0.498003","0.498003","0.26904565476","0.26904565476","0.94199529","0.94199529","0.080999595",,"171.313","0","0","7.8865","30.2742","3.823","0.10999945","0.10999945","10.6022","4.9374","0.58599707","0.58599707","52.1465","4"
"060750257013","0.18549611937","0.18549611937","0.15400005683","0.15400005683","0.79",,"0.26153833568","0.26153833568","0.66000017348","0.66000017348","0.16200010084","0.16200010084","70.7547","0","0.0011977","11.2","16.81","7.5022","0.08200001077","0.08200001077","0.467836","3.2195","0.18699993528",,"51.9396","4"
"060750312022","0.13179101502","0.13179101502","0.16600001423","0.16600001423","0.876","0.876","0.24577401794","0.24577401794","0.79200010223","0.79200010223","0.1910000075",,"203.754","0","0.00664795","8.2","14.28","4.4834","0.10000000804","0.10000000804","4.74563","0.4879","0.18400002662","0.18400002662","51.9396","4"
"060750352013","0.155141","0.155141","0.127","0.127","0.673","0.673","0.2189","0.2189","0.852","0.852","0.112","0.112","9.94978","0","0.0304127","4.3","8.28","2.8093","0.082","0.082","6.33714","1.8761","0.246","0.246","51.906","4"
"060750108002","0.093325","0.093325","0.174","0.174","0.573","0.573","0.267211","0.267211","0.828","0.828","0.185","0.185","140.934","0","0","7.1205","25.2484","4.4652","0.096","0.096","5.64617","4.9374","0.423","0.423","51.8598","4"
"060750104004","0.0898389653","0.0898389653","0.14200002522","0.14200002522","0.435001","0.435001","0.17396393059","0.17396393059","0.94999904512","0.94999904512","0.08300059077",,"14.5361","0","0","5.6022","21.6131","4.4277","0.07700011744","0.07700011744","16.4557","4.9374","0.48499975076","0.48499975076","51.8263","4"
"060750312013","0.13017783655","0.13017783655","0.15099978554","0.15099978554","0.847","0.847","0.33183941241","0.33183941241","0.81599884164","0.81599884164","0.19999965415",,"234.49","0","0.0130371","8.2","14.28","4.4834","0.12799979258","0.12799979258","2.27273","0.2606","0.15399978005","0.15399978005","51.6396","4"
"060750210004","0.08944682111","0.08944682111","0.091999816","0.091999816","0.313001","0.313001","0.11115977768","0.11115977768","0.970998058","0.970998058","0.036999926",,"63.8334","0","0.00734334","13.8938","37.0136","6.7322","0.072999854","0.072999854","5.43901","2.1589","0.42499915","0.42499915","51.5528","4"
"060750260031","0.179714","0.179714","0.095","0.095","0.906","0.906","0.431427","0.431427","0.724","0.724","0.294","0.294","246.17","0","0.00541936","8.2112","14.2895","4.4947","0.085","0.085","5.40158","0.5207","0.161","0.161","51.273","4"
"060750256003","0.1586590561",,"0.16300014052","0.16300014052","0.824",,"0.2696313574","0.2696313574","0.77200038297","0.77200038297","0.21600017464","0.21600017464","237.997","0","0.00110474","11.2","16.8099","7.5022","0.09500013953","0.09500013953","6.61626","3.2195","0.19400026729",,"51.2331","3"
"060750479014","0.14625470749","0.14625470749","0.177999644","0.177999644","0.573001","0.573001","0.25507848984","0.25507848984","0.903998192","0.903998192","0.080999838","0.080999838","55.0694","0","0.00651111","4.3","12.6792","2.7111","0.115999768","0.115999768","2.77148","4.6154","0.317999364","0.317999364","51.2328","3"
"060750153001","0.10548316579",,"0.13600061081","0.13600061081","0.353999","0.353999","0.18277361843","0.18277361843","0.9540018891","0.9540018891","0.04900032851",,"128.316","0","0.00972364","12.1","23.1","5.4453","0.06200045459",,"7.60168","1.3104","0.38900116638","0.38900116638","51.2195","3"
"060750479015","0.146255","0.146255","0.178","0.178","0.573","0.573","0.255079","0.255079","0.904","0.904","0.081","0.081","27.9419","0","0.00239394","4.3","12.69","2.7109","0.116","0.116","6.16683","4.6154","0.318","0.318","51.2062","3"
"060750152002","0.096552",,"0.201","0.201","0.34","0.34","0.225464","0.225464","0.972","0.972","0.081","0.081","134.188","0","0","12.0868","23.1231","5.4402","0.115","0.115","5.08721","2.7997","0.616","0.616","51.1931","3"
"060750260011","0.19750423134","0.19750423134","0.1270002173","0.1270002173","0.897","0.897","0.35003737485","0.35003737485","0.71700109057","0.71700109057","0.19500020111","0.19500020111","161.012","0","0.00514578","8.2","14.28","4.4834","0.08700013362",,"4.06366","0.5207","0.18500021055","0.18500021055","50.9396","3"
"060750253003","0.16209834884","0.16209834884","0.0860001764","0.0860001764","0.491999","0.491999","0.20437356409","0.20437356409","0.92300154231","0.92300154231","0.10600019143",,"83.4006","0","0.00593062","13.8664","36.9417","6.7195","0.05700019645","0.05700019645","11.8549","3.199","0.25900054897","0.25900054897","50.8662","3"
"060750452001","0.15466186001","0.15466186001","0.15199986628","0.15199986628","0.548","0.548","0.25867776155","0.25867776155","0.89199922029","0.89199922029","0.18299982702",,"162.384","0","0.015085","3.2","6.69","1.9236","0.10699990352","0.10699990352","7.38278","4.6154","0.2909997592","0.2909997592","50.8662","3"
"060750163002","0.079402","0.079402","0.05","0.05","0.544","0.544","0.313966","0.313966","0.927","0.927","0.022",,"65.7883","0","0","15.5","63.75","12.9674","0.114","0.114","6.74536","3.7988","0.393","0.393","50.8597","3"
"060750119011","0.02831328313",,"0.12700127","0.12700127","0.497995","0.497995","0.26904969047","0.26904969047","0.94200942","0.94200942","0.08100081",,"212.835","0","0","7.1467","19.502","3.7334","0.1100011","0.1100011","12.1212","4.9374","0.58600586","0.58600586","50.8132","3"
"060750353001","0.13392518955","0.13392518955","0.18700020131","0.18700020131","0.755","0.755","0.21440424565","0.21440424565","0.76300102294","0.76300102294","0.18400012272","0.18400012272","77.636","0","0.00623318","6.4","10.7199","2.498","0.09500009336","0.09500009336","0.340483","1.8761","0.22700028864","0.22700028864","50.6195","3"
"060750330003","0.17483100978","0.17483100978","0.15900000887","0.15900000887","0.644","0.644","0.22560600607","0.22560600607","0.85500004671","0.85500004671","0.11500000556","0.11500000556","19.0313","0","0.0160806","7.3226","12.5018","3.3352","0.07900000326","0.07900000326","2.39495","1.8761","0.23000000729","0.23000000729","50.6127","3"
"060750313022","0.173333","0.173333","0.134","0.134","0.87","0.87","0.383139","0.383139","0.8","0.8","0.183","0.183","161.483","0","0.00527457","8","13.81","3.9498","0.115","0.115","4.67181","0.5089","0.215","0.215","50.5996","3"
"060750313023","0.173333","0.173333","0.134","0.134","0.87","0.87","0.383139","0.383139","0.8","0.8","0.183","0.183","160.503","0","0.00447101","7.9618","13.7448","3.934","0.115","0.115","5.09761","0.3402","0.215","0.215","50.5996","3"
"060750153002","0.1054827268","0.1054827268","0.13599964936","0.13599964936","0.354002","0.354002","0.18277243511","0.18277243511","0.95399753755","0.95399753755","0.04899982362",,"130.764","0","0.00817974","12.1","23.1","5.4453","0.06199982766",,"10.7629","0.3448","0.38899909555","0.38899909555","50.5462","3"
"060750165001","0.09530433286","0.09530433286","0.101999286",,"0.417002","0.417002","0.23773933581","0.23773933581","0.93799534679",,"0.082999419","0.082999419","199.816","0","0.0192645","6.4","14.39","3.6513","0.097999314","0.097999314","4.80971","3.7988","0.35999915943","0.35999915943","50.5462","3"
"060750354004","0.133059","0.133059","0.139","0.139","0.64","0.64","0.246517","0.246517","0.797","0.797","0.163","0.163","21.4457","0","0.00143315","6.4","10.72","2.498","0.118","0.118","3.22336","1.8761","0.261","0.261","50.2662","3"
"060750352011","0.155141","0.155141","0.127","0.127","0.673","0.673","0.2189","0.2189","0.852","0.852","0.112","0.112","11.2325","0","0.0394626","4.3102","8.2919","2.8078","0.082","0.082","2.7881","1.8761","0.246","0.246","50.266","3"
"060750164002","0.08113591886","0.08113591886","0.094999905",,"0.366001","0.366001","0.23022276978","0.23022276978","0.902999097","0.902999097","0.017999982",,"172.941","0","0.0207612","6.4","14.39","3.6513","0.065999934","0.065999934","9.99203","3.7988","0.422999577","0.422999577","50.1862","3"
"060750203003","0.07823778845","0.07823778845","0.12299966532","0.12299966532","0.348002","0.348002","0.20841542941","0.20841542941","0.9479974593","0.9479974593","0.03399990642",,"81.2509","0","0.0043663","5.9","5.44","3.0756","0.10499972869","0.10499972869","14.1061","2.1589","0.43899883746","0.43899883746","50.1862","3"
"060750615005","0.092821","0.092821","0.057",,"0.49","0.49","0.171948","0.171948","0.965","0.965","0.081",,"6.02855","0","0","9.8852","14.5609","4.6747","0.081",,"39.9348","19.2683","0.474","0.474","50.1463","3"
"060750314005","0.11263516211","0.11263516211","0.14100019617","0.14100019617","0.898","0.898","0.42178635736","0.42178635736","0.70700099501","0.70700099501","0.23200024194","0.23200024194","339.306","0","0.00344274","8.2","14.28","4.4834","0.11200014106","0.11200014106","2.68031","0.5207","0.22700020918","0.22700020918","49.9464","3"
"060750263013","0.146933","0.146933","0.15","0.15","0.857","0.857","0.402405","0.402405","0.692","0.692","0.33","0.33","233.806","0","0.00205525","8.2","14.28","4.4834","0.109","0.109","4.17412","0.5207","0.152","0.152","49.9464","3"
"060750256002","0.15865867608","0.15865867608","0.16299968566","0.16299968566","0.824001","0.824001","0.2696303766","0.2696303766","0.77199854568","0.77199854568","0.21599951396","0.21599951396","167.304","0","0.000700696","11.2","16.81","7.5022","0.09499982297","0.09499982297","3.12589","3.2195","0.19399971228","0.19399971228","49.9264","3"
"060750332042","0.05845876616",,"0.206999172","0.206999172","0.665001","0.665001","0.49303902784","0.49303902784","0.937996248","0.937996248","0.182999268","0.182999268","101.368","0","0","8","13.81","3.9498","0.117999528","0.117999528","3.37838","0.2606","0.355998576","0.355998576","49.9264","3"
"060750352021","0.15952485717","0.15952485717","0.11199990167",,"0.577","0.577","0.30344972011","0.30344972011","0.86799936143",,"0.13399987805","0.13399987805","9.8667","0","0.0505021","4.3","8.28","2.8093","0.07499993382","0.07499993382","4.75881","1.8761","0.23499991241","0.23499991241","49.926","3"
"060750477022","0.135039","0.135039","0.16","0.16","0.609","0.609","0.196399","0.196399","0.88","0.88","0.179","0.179","138.526","0","0.00703497","4.3","12.69","2.7109","0.115","0.115","2.63504","4.6154","0.261","0.261","49.9062","3"
"060750254013","0.19098734217","0.19098734217","0.09399975484","0.09399975484","0.582002","0.582002","0.32010905342","0.32010905342","0.81999736322","0.81999736322","0.11299975084",,"173.34","0","0.0018582","13.8737","36.9551","6.7232","0.11299965448","0.11299965448","7.44712","2.9176","0.29899885475","0.29899885475","49.8797","3"
"060750312011","0.13017804771","0.13017804771","0.151000045","0.151000045","0.847","0.847","0.33184005515","0.33184005515","0.81600031618","0.81600031618","0.20000002407",,"252.59","0","0.0023259","8.2","14.28","4.4834","0.12800002538","0.12800002538","5.19412","0.4993","0.15400008071","0.15400008071","49.6064","3"
"060750255002","0.19580980419","0.19580980419","0.111999888","0.111999888","0.807","0.807","0.23418976581","0.23418976581","0.877999122","0.877999122","0.11999988","0.11999988","99.4749","0","0.038724","8.0504","14.1379","4.4009","0.063999936","0.063999936","6.00343","1.6285","0.202999797","0.202999797","49.5861","3"
"060750158012","0.14266285734","0.14266285734","0.127999872","0.127999872","0.584","0.584","0.36155663844","0.36155663844","0.92999907","0.92999907","0.085999914","0.085999914","129.53","0","0.000265777","12.1","23.1","5.4453","0.120999879","0.120999879","6.31234","3.1789","0.291999708","0.291999708","49.5464","3"
"060750332043","0.05845888308",,"0.206999586","0.206999586","0.665001","0.665001","0.49304001392","0.49304001392","0.937998124","0.937998124","0.182999634","0.182999634","80.1034","0","0.0000228137","8","13.81","3.9498","0.117999764","0.117999764","1.19646","0.2606","0.355999288","0.355999288","49.2797","3"
"060750352014","0.15514070833","0.15514070833","0.12699974099","0.12699974099","0.673001","0.673001","0.21889967382","0.21889967382","0.85199838944","0.85199838944","0.11199980996","0.11199980996","8.85577","0","0.0337979","4.3","8.28","2.8093","0.08199983569","0.08199983569","2.849","1.8761","0.24599951797","0.24599951797","49.266","3"
"060750352022","0.15952452143","0.15952452143","0.111999664","0.111999664","0.577001","0.577001","0.30344908965","0.30344908965","0.867997396","0.867997396","0.133999598","0.133999598","9.80122","0","0.0629807","4.3","8.28","2.8093","0.074999775","0.074999775","4.02685","1.8761","0.234999295","0.234999295","49.266","3"
"060750329022","0.156696","0.156696","0.22","0.22","0.718","0.718","0.246548","0.246548","0.804","0.804","0.175","0.175","154.063","0","0.00275954","4.3082","8.2895","2.8081","0.109","0.109","5.3724","1.8761","0.273","0.273","49.2463","3"
"060750476001","0.15753694683","0.15753694683","0.18099989741","0.18099989741","0.6","0.6","0.19351991115","0.19351991115","0.86699959403","0.86699959403","0.15299990432",,"132.078","0","0.00781582","3.6948","9.3888","2.2777","0.08699995983","0.08699995983","4.27029","4.6154","0.2539999017","0.2539999017","49.2262","3"
"060750259003","0.14364515113","0.14364515113","0.16500013458","0.16500013458","0.793","0.793","0.17523214556","0.17523214556","0.81400067128","0.81400067128","0.15300013621","0.15300013621","180.018","0","0.0000423333","11.2","16.81","7.5022","0.10200008238","0.10200008238","2.66134","16.6101","0.27800017618","0.27800017618","49.2198","3"
"060750254012","0.19098715481","0.19098715481","0.09399958788","0.09399958788","0.582002","0.582002","0.32010855117",,"0.81999644511","0.81999644511","0.1129994468",,"147.934","0","0.000904752","13.9","37.03","6.7351","0.11299946929",,"7.59931","3.2195","0.29899864706","0.29899864706","49.2064","3"
"060750165003","0.09530480939","0.09530480939","0.101999796",,"0.417","0.417","0.23774052452","0.23774052452","0.93799878292",,"0.082999834","0.082999834","226.414","0","0.0149522","6.4","14.39","3.6513","0.097999804","0.097999804","8.04148","3.7988","0.35999985853","0.35999985853","49.1996","3"
"060750215002","0.148567","0.148567","0.11","0.11","0.368","0.368","0.120491","0.120491","0.941","0.941","0.046",,"81.9264","0","0.00368569","8.8839","23.8225","4.4035","0.074",,"9.80395","2.1589","0.493","0.493","49.1862","3"
"060750605023","0.29579362243","0.29579362243","0.065955648","0.065955648","0.961203",,"0.6381073153","0.6381073153","0.686714688","0.686714688","0.136760976","0.136760976","68.0163","0","0.00068394","11.0071","16.5205","7.3731","0.107662896","0.107662896","1.45469","17.613","0.151310016",,"48.9263","3"
"060750255001","0.19580960838","0.19580960838","0.111999776","0.111999776","0.807","0.807","0.23418953162","0.23418953162","0.877998244","0.877998244","0.11999976","0.11999976","92.7636","0","0.0470707","8.1982","14.2783","4.4824","0.063999872","0.063999872","4.75851","2.0298","0.202999594","0.202999594","48.9261","3"
"060750478022","0.14701385299","0.14701385299","0.13999986","0.13999986","0.699","0.699","0.29484170516","0.29484170516","0.824999175","0.824999175","0.111999888","0.111999888","101.968","0","0.00230722","4.3","12.69","2.7109","0.111999888","0.111999888","3.42759","4.6154","0.417999582","0.417999582","48.8796","3"
"060750110002","0.04959490081","0.04959490081","0.102999794","0.102999794","0.538001","0.538001","0.27286345427","0.27286345427","0.843998312","0.843998312","0.132999734","0.132999734","159.076","0","0.000507897","7.9","30.47","3.8247","0.058999882",,"5.06073","4.9374","0.431999136","0.431999136","48.8531","3"
"060750401002","0.108746","0.108746","0.139","0.139","0.4","0.4","0.264266","0.264266","0.91","0.91","0.159","0.159","169.29","0","0.00466475","3.2","6.69","1.9236","0.116","0.116","11.1439","4.6154","0.384","0.384","48.8463","3"
"060750206004","0.07423495485","0.07423495485","0.10999993851","0.10999993851","0.273001","0.273001","0.17516790313","0.17516790313","0.97199943089","0.97199943089","0.02699998451",,"65.3123","0","0.00277514","5.9","5.44","3.0756","0.13999988343","0.13999988343","13.8794","2.1589","0.49499968219","0.49499968219","48.8462","3"
"060750353004","0.13392490244","0.13392490244","0.1869998657","0.1869998657","0.755","0.755","0.21440389438","0.21440389438","0.762999502","0.762999502","0.18399985546",,"52.8833","0","0.00194515","6.4112","10.7416","2.5082","0.09499995977","0.09499995977","2.35452","1.8761","0.22699994113","0.22699994113","48.6129","3"
"060750478012","0.10353525182","0.10353525182","0.2120001264","0.2120001264","0.683999","0.683999","0.22906748361","0.22906748361","0.89500109916","0.89500109916","0.21500005572","0.21500005572","142.043","0","0.00157704","4.3","12.69","2.7109","0.14000013072","0.14000013072","1.6488","4.6154","0.29700071337","0.29700071337","48.5797","3"
"060750477021","0.13503867873","0.13503867873","0.1599996915","0.1599996915","0.609001","0.609001","0.1963986851","0.1963986851","0.87999806301","0.87999806301","0.17899972724","0.17899972724","138.649","0","0.00412193","4.3","12.69","2.7109","0.11499970948","0.11499970948","2.84414","4.6154","0.26099969164","0.26099969164","48.5729","3"
"060750477023","0.13503886496","0.13503886496","0.15999984","0.15999984","0.609","0.609","0.1963988036","0.1963988036","0.87999912","0.87999912","0.178999821","0.178999821","135.434","0","0.00371252","4.3","12.69","2.7109","0.114999885","0.114999885","2.83889","4.6154","0.260999739","0.260999739","48.5729","3"
"060750227041","0.098069","0.098069","0.117","0.117","0.308","0.308","0.093241","0.093241","0.987","0.987","0.015",,"9.17691","0","0.00336601","9.9041","14.5736","4.6839","0.076","0.076","2.20022","17.613","0.39","0.39","48.5528","3"
"060750165002","0.095305","0.095305","0.102",,"0.416999","0.416999","0.237741","0.237741","0.93800118259",,"0.083","0.083","210.424","0","0.0128192","6.4","14.39","3.6513","0.098","0.098","6.48148","3.7988","0.36000103831","0.36000103831","48.5396","3"
"060750615004","0.092821","0.092821","0.057",,"0.49","0.49","0.171948","0.171948","0.965","0.965","0.081",,"-1.31835","0.0768847","0.000628777","2.1104","20.2624","0.998","0.081",,"0.695893","19.2683","0.474","0.474","48.5394","3"
"060750109002","0.06392402662","0.06392402662","0.14500005529","0.14500005529","0.355","0.355","0.16519014647","0.16519014647","0.95500045306","0.95500045306","0.0780000714","0.0780000714","134.333","0","0.000502644","7.9","30.47","3.8247","0.07700003167",,"6.26566","4.9374","0.5400002319","0.5400002319","48.5064","3"
"060750262004","0.16242383758","0.16242383758","0.172999827","0.172999827","0.884","0.884","0.27647372353","0.27647372353","0.76999923","0.76999923","0.196999803","0.196999803","282.474","0","0.0163544","8.0211","13.9684","4.3856","0.08999991","0.08999991","3.64742","0.5207","0.064999935","0.064999935","48.2863","3"
"060750229031","0.14691604496","0.14691604496","0.11000005717","0.11000005717","0.681","0.681","0.31745515283","0.31745515283","0.89900027441","0.89900027441","0.06400003228",,"28.1607","0","0","13.9","37.03","6.7351","0.09800005078","0.09800005078","4.08602","3.2195","0.27100006995","0.27100006995","48.233","3"
"060750168012","0.115951",,"0.062","0.062","0.426","0.426","0.234762","0.234762","0.971","0.971","0.011",,"103.679","0","0.0106069","6.4305","14.4439","3.6814","0.081","0.081","7.46269","3.0154","0.48","0.48","48.1928","3"
"060750352023","0.159525","0.159525","0.112","0.112","0.577","0.577","0.30345","0.30345","0.868","0.868","0.134","0.134","9.27926","0","0.0467161","4.3","8.28","2.8093","0.075","0.075","2.48756","1.8761","0.235","0.235","47.946","3"
"060750254021","0.18624516378","0.18624516378","0.09900008626","0.09900008626","0.625","0.625","0.1768112379",,"0.90100081689","0.90100081689","0.06500001121",,"76.3525","0","0.00727067","13.9","37.03","6.7351","0.04800005262",,"4.7619","3.2195","0.17900022083","0.17900022083","47.9128","3"
"060750254011","0.19098811546","0.19098811546","0.09400006125","0.09400006125","0.582","0.582","0.32011014557","0.32011014557","0.82000065742","0.82000065742","0.1130000755",,"126.704","0","0.000823461","13.8994","37.0285","6.7349","0.1130000406","0.1130000406","4.60941","3.0843","0.29900018448","0.29900018448","47.8997","3"
"060750614002","0.17795601879","0.17795601879","0.06100000876",,"0.43","0.43","0.20071101498","0.20071101498","0.92800020638","0.92800020638","0.04600000438",,"6.26426","0","0.00614177","9.9","14.55","4.6817","0.07300000501",,"2.04708","17.613","0.26700006594","0.26700006594","47.8994","3"
"060750157002","0.061339","0.061339","0.097","0.097","0.495","0.495","0.242024","0.242024","0.933","0.933","0.05",,"200.5","0","0.00358674","8.8248","17.7402","4.3234","0.081","0.081","6.25896","3.7988","0.342","0.342","47.873","3"
"060750102002","0.0613740062","0.0613740062","0.18799995813","0.18799995813","0.155","0.155","0.16137399821","0.16137399821","0.99600002556","0.99600002556","0.01000006386",,"81.5304","0","0.00125257","7.8418","30.2667","3.8027","0.03700004078",,"7.82711","0.3448","0.58099998784","0.58099998784","47.8663","3"
"060750332041","0.05845904903",,"0.20700004965","0.20700004965","0.665","0.665","0.49304107065","0.49304107065","0.93800029404","0.93800029404","0.18300003207",,"119.854","0","0","8","13.81","3.9498","0.11800002946","0.11800002946","1.386","0.2606","0.35600006128","0.35600006128","47.6131","3"
"060750329014","0.14647706491","0.14647706491","0.18700009063","0.18700009063","0.782","0.782","0.21172010391","0.21172010391","0.85400036979","0.85400036979","0.17200008918","0.17200008918","127.84","0","0.004112","6.4","10.72","2.498","0.10100004604","0.10100004604","3.82555","1.8761","0.13700011002","0.13700011002","47.6129","3"
"060750255006","0.195809257","0.195809257","0.11199959012","0.11199959012","0.807001","0.807001","0.23418911128","0.23418911128","0.87799676182","0.87799676182","0.11999954008",,"104.249","0","0.030467","8.1169","14.201","4.4376","0.06399976553","0.06399976553","4.20224","0.5098","0.20299925929","0.20299925929","47.6061","3"
"060750158011","0.14266308704","0.14266308704","0.12800020209","0.12800020209","0.584","0.584","0.36155736588","0.36155736588","0.93000081988","0.93000081988","0.08600017284","0.08600017284","105.946","0","0.000542616","12.1","23.1","5.4453","0.12100012409","0.12100012409","2.40385","3.7988","0.29200044938","0.29200044938","47.5797","3"
"060750264021","0.1852823066","0.1852823066","0.16499949048","0.16499949048","0.91","0.91","0.17845843952","0.17845843952","0.82299743238","0.82299743238","0.16699944354","0.16699944354","213.111","0","0.001231","11.2","16.81","7.5022","0.10099969102","0.10099969102","2.04918","17.613","0.21599951354","0.21599951354","47.5731","3"
"060750401004","0.108746","0.108746","0.139","0.139","0.4","0.4","0.264266","0.264266","0.91","0.91","0.159","0.159","163.888","0","0.00709641","3.1885","6.666","1.9167","0.116","0.116","7.43494","1.7084","0.384","0.384","47.5529","3"
"060750129021","0.07239196948",,"0.11499994417","0.11499994417","0.272","0.272","0.13714481155","0.13714481155","0.98299936173","0.98299936173","0.02499994372",,"31.8725","0","0.0249746","0.0036","5.1716","0.0018","0.03800003006",,"10.4406","0.3448","0.55099945965","0.55099945965","47.5327","3"
"060750210002","0.08944683549","0.08944683549","0.09199982697","0.09199982697","0.313001","0.313001","0.11115979179","0.11115979179","0.97099815278","0.97099815278","0.03699992696",,"72.7447","0","0.000755595","13.9","37.03","6.7351","0.07299986285","0.07299986285","11.6001","2.1589","0.42499918108","0.42499918108","47.5263","3"
"060750169001","0.052191","0.052191","0.088","0.088","0.299","0.299","0.210438","0.210438","0.952","0.952","0.012",,"85.7603","0","0.00536683","5.9","5.44","3.0756","0.109","0.109","10.2293","2.1589","0.452","0.452","47.5262","3"
"060750110003","0.04959500938","0.04959500938","0.10300000819",,"0.538","0.538","0.27286401054","0.27286401054","0.84400013435","0.84400013435","0.13300000416",,"174.831","0","0","7.9","30.47","3.8247","0.05900000443",,"7.64088","4.9374","0.43200007919","0.43200007919","47.5065","3"
"060750262003","0.162424","0.162424","0.173","0.173","0.884","0.884","0.276474","0.276474","0.77","0.77","0.197","0.197","245.648","0","0.00313609","8.2","14.28","4.4834","0.09","0.09","4.42152","0.5207","0.065","0.065","47.2797","3"
"060750352015","0.155141","0.155141","0.127","0.127","0.673","0.673","0.2189","0.2189","0.852","0.852","0.112","0.112","8.9134","0","0.0135013","4.3","8.28","2.8093","0.082","0.082","1.94742","1.8761","0.246","0.246","47.2727","3"
"060750255005","0.19581","0.19581","0.112","0.112","0.807","0.807","0.23419","0.23419","0.878","0.878","0.12","0.12","123","0","0.0101262","8.2","14.28","4.4834","0.064","0.064","6.23053","0.5207","0.203","0.203","47.2595","3"
"060750314001","0.112635","0.112635","0.141","0.141","0.898","0.898","0.421786","0.421786","0.707","0.707","0.232","0.232","337.153","0","0.00049562","8.2","14.28","4.4834","0.112","0.112","6.67557","0.5207","0.227","0.227","47.2532","3"
"060750426012","0.176113","0.176113","0.144","0.144","0.595","0.595","0.384578","0.384578","0.82","0.82","0.228","0.228","113.76","0","0.00157265","4.3","12.69","2.7109","0.078","0.078","2.99732","4.6154","0.448","0.448","47.213","3"
"060750205002","0.070746","0.070746","0.118","0.118","0.221","0.221","0.19044","0.19044","0.98","0.98","0.028",,"108.902","0","0.0111551","5.9","5.44","3.0756","0.057","0.057","9.82456","2.1589","0.431","0.431","47.1928","3"
"060750263031","0.21244031273","0.21244031273","0.147087883","0.147087883","0.885489","0.885489","0.28859136228","0.28859136228","0.706811572","0.706811572","0.242843082","0.242843082","251.393","0","0.00679398","8.0832","14.0765","4.4195","0.085883529","0.085883529","2.48756","0.5207","0.140177714","0.140177714","46.9663","3"
"060750330005","0.17482925169","0.17482925169","0.15899841","0.15899841","0.644004","0.644004","0.22560374394","0.22560374394","0.85499145","0.85499145","0.11499885","0.11499885","110.943","0","0.0078087","6.4","10.72","2.498","0.07899921","0.07899921","4.81622","1.8761","0.2299977","0.2299977","46.9195","3"
"060750231021","0.35112909727","0.35112909727","0.08400000996","0.08400000996","0.944",,"0.60143718393","0.60143718393","0.83500016748","0.83500016748","0.04200002324",,"5.77501","0","0.000833153","23.2","38.58","16.1156","0.11000002798","0.11000002798","1.37174","17.613","0.23800006616","0.23800006616","46.9129","3"
"060750353002","0.133925","0.133925","0.187","0.187","0.755","0.755","0.214404","0.214404","0.763","0.763","0.184","0.184","87.8286","0","0.00238869","6.4","10.72","2.498","0.095","0.095","1.76018","1.8761","0.227","0.227","46.6196","3"
"060750263023","0.18227961134","0.18227961134","0.128093904","0.128093904","0.838145","0.838145","0.2222240569","0.2222240569","0.781472112","0.781472112","0.144974496","0.144974496","140.584","0","0.00234836","10.0788","15.8457","6.3836","0.09433272","0.09433272","3.71107","2.0779","0.15887616","0.15887616","46.6063","3"
"060750478013","0.10353528146","0.10353528146","0.21200029448","0.21200029448","0.683999","0.683999","0.22906762821","0.22906762821","0.89500158744","0.89500158744","0.21500035755","0.21500035755","152.166","0","0.000251354","4.3","12.69","2.7109","0.14000023631","0.14000023631","1.98059","4.6154","0.29700081348","0.29700081348","46.5731","3"
"060750614001","0.177956","0.177956","0.061","0.061","0.43","0.43","0.200711","0.200711","0.928","0.928","0.046",,"7.33509","0","0.00284783","9.9265","14.6794","4.697","0.073","0.073","3.54755","17.613","0.267","0.267","46.5528","3"
"060750207002","0.077391","0.077391","0.077","0.077","0.308","0.308","0.163074","0.163074","0.981","0.981","0.053","0.053","39.671","0","0.000545124","13.9","37.03","6.7351","0.065","0.065","12.4265","2.1589","0.398","0.398","46.5263","3"
"060750332031","0.12060320602","0.12060320602","0.09600096","0.09600096","0.578996","0.578996","0.37013870135","0.37013870135","0.9200092","0.9200092","0.12900129","0.12900129","39.1923","0","0.00174725","8","13.81","3.9498","0.10300103","0.10300103","3.58102","0.2606","0.24900249","0.24900249","46.2729","3"
"060750253001","0.162098","0.162098","0.086","0.086","0.492","0.492","0.204373","0.204373","0.923","0.923","0.106","0.106","97.6901","0","0.00266835","13.9","37.03","6.7351","0.057","0.057","4.55729","3.2195","0.259","0.259","46.2329","3"
"060750452003","0.154662","0.154662","0.152","0.152","0.548","0.548","0.258678","0.258678","0.892","0.892","0.183","0.183","207.552","0","0.0113549","3.2004","6.6905","1.9239","0.107","0.107","4.15369","4.6154","0.291","0.291","46.2196","3"
"060750210003","0.08944704123","0.08944704123","0.09200002707","0.09200002707","0.313","0.313","0.11116001961","0.11116001961","0.97100026907","0.97100026907","0.03700000167",,"76.3","0","0.000351117","13.9","37.03","6.7351","0.07300001172",,"10.1471","2.1589","0.42500010132","0.42500010132","46.193","3"
"060750260042","0.16981466037","0.16981466037","0.130999738","0.130999738","0.91","0.91","0.37161825676","0.37161825676","0.730998538","0.730998538","0.272999454","0.272999454","208.661","0","0.00122563","8.2318","14.3068","4.5154","0.09499981","0.09499981","3.8115","0.5207","0.153999692","0.153999692","45.9531","3"
"060750353003","0.133925","0.133925","0.187","0.187","0.755","0.755","0.214404","0.214404","0.763","0.763","0.184","0.184","56.7692","0","0.000605946","6.4","10.72","2.498","0.095","0.095","2.48293","1.8761","0.227","0.227","45.9463","3"
"060750353005","0.1339251106","0.1339251106","0.18700007611","0.18700007611","0.754999","0.754999","0.21440426019","0.21440426019","0.76300072623","0.76300072623","0.18400011289",,"47.936","0","0.00023493","6.404","10.7277","2.5016","0.09500013358","0.09500013358","2.07523","1.8761","0.22700030306","0.22700030306","45.9463","3"
"060750479011","0.146255","0.146255","0.178","0.178","0.573","0.573","0.255079","0.255079","0.904","0.904","0.081","0.081","112.44","0","0.00206065","4.3","12.69","2.7109","0.116","0.116","4.39009","4.6154","0.318","0.318","45.8863","3"
"060750167001","0.04448908996",,"0.0740000481","0.0740000481","0.227","0.227","0.20369618214","0.20369618214","0.98400075335","0.98400075335","0.00600000853",,"128.506","0","0.0190131","6.4","14.39","3.6513","0.03700006284",,"4.30769","3.7988","0.41500037241","0.41500037241","45.8795","3"
"060750152001","0.09655200477",,"0.2010002329","0.2010002329","0.34","0.34","0.2254641007","0.2254641007","0.97200060725","0.97200060725","0.08100004079",,"180.722","0","0","7.9","30.47","3.8247","0.11500012698","0.11500012698","3.4075","3.2144","0.61600045396","0.61600045396","45.8665","3"
"060750167004","0.04448916058",,"0.0740001442",,"0.227","0.227","0.20369630072","0.20369630072","0.98400080941","0.98400080941","0.00600004336",,"153.25","0","0.0141091","6.4","14.39","3.6513","0.037000129",,"6.48882","3.7988","0.41500047105","0.41500047105","45.8662","3"
"060750109001","0.06392380823","0.06392380823","0.144999565","0.144999565","0.355002","0.355002","0.16518950443","0.16518950443","0.954997135","0.954997135","0.077999766","0.077999766","190.555","0","0.000691796","7.8905","30.4065","3.8325","0.076999769","0.076999769","8.14664","2.6394","0.53999838","0.53999838","45.8531","3"
"060750351007","0.161644","0.161644","0.171","0.171","0.675","0.675","0.209019","0.209019","0.871","0.871","0.103","0.103","53.8619","0","0.00265729","4.8076","8.8698","2.7341","0.079","0.079","4.20463","1.8761","0.248","0.248","45.5862","3"
"060750402002","0.11719201581","0.11719201581","0.14600001554","0.14600001554","0.511","0.511","0.16156002644","0.16156002644","0.89700009117","0.89700009117","0.0800000187",,"154.726","0","0.00682918","3.2","6.69","1.9236","0.08400001094","0.08400001094","4.82593","4.6154","0.40100002974","0.40100002974","45.5329","3"
"060750164001","0.08113604323","0.08113604323","0.09500002722",,"0.366","0.366","0.23022317095","0.23022317095","0.90300050475","0.90300050475","0.01800001198",,"150.831","0","0.00297604","6.4","14.39","3.6513","0.06600006207","0.06600006207","6.99301","3.7988","0.42300021399","0.42300021399","45.5263","3"
"060750262001","0.16242421464","0.16242421464","0.17300020545","0.17300020545","0.884","0.884","0.27647437552","0.27647437552","0.7700009215","0.7700009215","0.19700036052","0.19700036052","175.866","0","0.00197073","8.2","14.28","4.4834","0.09000013042","0.09000013042","2.43563","0.5207","0.06500024199","0.06500024199","45.2997","3"
"060750255003","0.19581","0.19581","0.112","0.112","0.807","0.807","0.23419","0.23419","0.878","0.878","0.12","0.12","104.623","0","0.00812184","8.2","14.28","4.4834","0.064","0.064","3.95738","0.5207","0.203","0.203","45.2795","3"
"060750254022","0.186245","0.186245","0.099","0.099","0.625","0.625","0.176811",,"0.901","0.901","0.065",,"26.5562","0","0.000880745","13.9","37.03","6.7351","0.048",,"5.97237","3.2195","0.179","0.179","45.2329","3"
"060750479013","0.14625485375","0.14625485375","0.177999822","0.177999822","0.573","0.573","0.25507874492","0.25507874492","0.903999096","0.903999096","0.080999919","0.080999919","62.8325","0","0.000895589","4.3","12.69","2.7109","0.115999884","0.115999884","4.0404","4.6154","0.317999682","0.317999682","45.2263","3"
"060750166004","0.06646186708","0.06646186708","0.05499989","0.05499989","0.297001","0.297001","0.23225553549","0.23225553549","0.96999806","0.96999806","0.076999846",,"221.406","0","0.0109472","6.4","14.39","3.6513","0.080999838","0.080999838","8.07382","3.7988","0.33999932","0.33999932","45.1996","3"
"060750158021","0.06908708118","0.06908708118","0.06400006881","0.06400006881","0.354","0.354","0.28485098621","0.28485098621","0.98299946393","0.98299946393","0.03600006023",,"144.25","0","0.000374075","12.0979","23.0968","5.4446","0.09200000204","0.09200000204","8.32073","3.7988","0.52399940097","0.52399940097","45.1731","3"
"060750326022","0.1220750149","0.1220750149","0.15200002111","0.15200002111","0.63","0.63","0.28571401472","0.28571401472","0.90100010427","0.90100010427","0.22600001457","0.22600001457","237.293","0","0.0155806","4.3","8.28","2.8093","0.11400000895","0.11400000895","2.35294","1.8761","0.27300003349","0.27300003349","44.9396","3"
"060750252002","0.1898614745","0.1898614745","0.10000027384","0.10000027384","0.508998","0.508998","0.27578740088","0.27578740088","0.94700359118","0.94700359118","0.01300095282",,"38.3029","0","0.00134385","13.9","37.03","6.7351","0.06100021774","0.06100021774","5.4567","3.2195","0.25600104819","0.25600104819","44.8929","3"
"060750126011","0.088836","0.088836","0.104","0.104","0.219","0.219","0.071228",,"0.983","0.983","0.014",,"0.251743","0","0.0174946","0","5.16","0","0.044","0.044","5.00587","0.3448","0.572","0.572","44.546","3"
"060750614003","0.17795582204","0.17795582204","0.060999939","0.060999939","0.430001","0.430001","0.20071079929","0.20071079929","0.927999072","0.927999072","0.045999954",,"58.9511","0","0.00229874","9.9082","14.5961","4.6859","0.072999927","0.072999927","6.51769","17.613","0.266999733","0.266999733","44.5329","3"
"060750158022","0.06908769087","0.06908769087","0.06400064","0.06400064","0.353994","0.353994","0.28485384851","0.28485384851","0.98300983","0.98300983","0.03600036",,"134.773","0","0.00060206","7.3398","15.8261","3.9471","0.09200092","0.09200092","6.41026","3.7988","0.52400524","0.52400524","44.5197","3"
"060750329012","0.14647700874","0.14647700874","0.1870000122","0.1870000122","0.782","0.782","0.21172001399","0.21172001399","0.85400004977","0.85400004977","0.172000012","0.172000012","139.73","0","0.00210688","6.4","10.72","2.498","0.1010000062","0.1010000062","2.51467","1.8761","0.13700001481","0.13700001481","44.2863","3"
"060750327007","0.142917","0.142917","0.179",,"0.656","0.656","0.216353","0.216353","0.84100009016",,"0.179","0.179","106.287","0","0.00498019","4.3","8.28","2.8093","0.097","0.097","3.07574","1.8761","0.15900007916","0.15900007916","44.2862","3"
"060750260022","0.171402","0.171402","0.161","0.161","0.746","0.746","0.277727","0.277727","0.808","0.808","0.149","0.149","200.444","0","0.00165412","8.8112","14.7954","5.0985","0.099",,"5.17241","0.9378","0.156","0.156","44.2664","2"
"060750330006","0.174831","0.174831","0.159","0.159","0.644","0.644","0.225606","0.225606","0.855","0.855","0.115","0.115","72.0036","0","0.00313447","6.4","10.72","2.498","0.079","0.079","3.61477","1.8761","0.23","0.23","44.2662","2"
"060750255004","0.19581001292","0.19581001292","0.11200001273","0.11200001273","0.807","0.807","0.23419002064","0.23419002064","0.87800005628","0.87800005628","0.12000002122","0.12000002122","117.493","0","0.00596523","8.2","14.28","4.4834","0.06400000789","0.06400000789","6.68577","0.5207","0.20300001578","0.20300001578","44.2529","2"
"060750452004","0.154662","0.154662","0.152","0.152","0.548","0.548","0.258678","0.258678","0.892","0.892","0.183","0.183","167.661","0","0.00199451","3.2","6.69","1.9236","0.107","0.107","4.91898","4.6154","0.291","0.291","44.213","2"
"060750215003","0.148567","0.148567","0.11","0.11","0.368","0.368","0.120491","0.120491","0.941","0.941","0.046",,"88.2222","0","0.00575111","5.996","16.2187","3.0612","0.074",,"4.87988","2.1589","0.493","0.493","44.2062","2"
"060750227021","0.158293","0.158293","0.074","0.074","0.319","0.319","0.065807",,"0.959","0.959","0.037",,"9.50746","0","0.00163307","9.9","14.55","4.6817","0.045","0.045","4.30321","17.613","0.276","0.276","44.2062","2"
"060750163003","0.0794019206","0.0794019206","0.04999995","0.04999995","0.544","0.544","0.31396568603","0.31396568603","0.926999073","0.926999073","0.021999978",,"92.2564","0","0","6.4165","14.4796","3.6682","0.113999886","0.113999886","9.86948","3.7988","0.392999607","0.392999607","44.1864","2"
"060750402001","0.11719170176","0.11719170176","0.14599961442","0.14599961442","0.511001","0.511001","0.16155960453","0.16155960453","0.89699761662","0.89699761662","0.07999982311",,"161.222","0","0.0123182","3.195","6.6795","1.9206","0.0839997849","0.0839997849","3.31675","3.7041","0.40099889736","0.40099889736","43.8862","2"
"060750169002","0.052191","0.052191","0.088","0.088","0.299","0.299","0.210438","0.210438","0.952","0.952","0.012",,"116.671","0","0.00200399","5.9006","5.4504","3.0763","0.109","0.109","6.90691","2.1589","0.452","0.452","43.8663","2"
"060750227042","0.098069","0.098069","0.117","0.117","0.308","0.308","0.093241","0.093241","0.987","0.987","0.015",,"70.6701","0","0.00101342","9.9787","14.9924","4.7221","0.076","0.076","4.17973","17.613","0.39","0.39","43.8663","2"
"060750207003","0.077391","0.077391","0.077","0.077","0.308","0.308","0.163074","0.163074","0.981","0.981","0.053","0.053","60.4752","0","0","13.9","37.03","6.7351","0.065","0.065","13.3176","2.1589","0.398","0.398","43.8597","2"
"060750402003","0.11719191384","0.11719191384","0.14599987696","0.14599987696","0.511","0.511","0.16155986325","0.16155986325","0.89699923881","0.89699923881","0.07999993306",,"135.093","0","0.00332105","3.2","6.69","1.9236","0.08399992996","0.08399992996","6.13825","4.6154","0.40099963967","0.40099963967","43.8596","2"
"060750351001","0.16164383836","0.16164383836","0.170999829",,"0.675","0.675","0.20901879098","0.20901879098","0.870999275",,"0.102999897","0.102999897","67.5053","0","0.00365212","4.3","8.28","2.8093","0.078999921","0.078999921","2.56849","1.8761","0.24799988018","0.24799988018","43.5995","2"
"060750132002","0.12843474313","0.12843474313","0.23499953","0.23499953","0.197002","0.197002","0.07150485699",,"0.993998012","0.993998012","0.01499997",,"76.6596","0","0.00282644","6.8062","15.2512","3.063","0.068999862","0.068999862","3.40136","0.3448","0.46999906","0.46999906","43.5729","2"
"060750129011","0.06084205457",,"0.09200008669","0.09200008669","0.228999","0.228999","0.06051210338","0.06051210338","0.98600074099","0.98600074099","0.01900001885",,"35.2969","0","0.0115914","0.0074","5.1837","0.0036","0.05000002864",,"6.81942","0.3448","0.50100041534","0.50100041534","43.5394","2"
"060750168013","0.115951",,"0.062","0.062","0.426","0.426","0.234762","0.234762","0.971","0.971","0.011",,"88.1289","0","0","15.2928","62.4914","12.7539","0.081","0.081","7.65184","2.7125","0.48","0.48","43.5264","2"
"060750452002","0.154662","0.154662","0.152","0.152","0.548","0.548","0.258678","0.258678","0.892","0.892","0.183","0.183","181.732","0","0.00108218","3.2093","6.7034","1.9311","0.107","0.107","9.4851","4.6154","0.291","0.291","43.5264","2"
"060750262005","0.16122644785","0.16122644785","0.171724471","0.171724471","0.884855","0.884855","0.2744355572","0.2744355572","0.76432279","0.76432279","0.195547519","0.195547519","227.387","0","0.00361259","7.9641","13.869","4.354","0.08933643","0.08933643","1.93477","0.5207","0.064520755","0.064520755","43.2997","2"
"060750329023","0.156696","0.156696","0.22","0.22","0.718","0.718","0.246548","0.246548","0.804","0.804","0.175","0.175","156.841","0","0.0011399","6.3988","10.7185","2.4982","0.109","0.109","0.821693","1.8761","0.273","0.273","43.2797","2"
"060750328012","0.185419","0.185419","0.208","0.208","0.723","0.723","0.222082","0.222082","0.847","0.847","0.17","0.17","233.594","0","0.00264664","6.4","10.72","2.498","0.11","0.11","6.55977","1.8761","0.161","0.161","43.2597","2"
"060750328022","0.13647801161","0.13647801161","0.175000011","0.175000011","0.803","0.803","0.24805001317","0.24805001317","0.84000006257","0.84000006257","0.20800000763","0.20800000763","295.3","0","0.00192954","5.0034","9.0973","2.705","0.1150000052","0.1150000052","3.5868","1.8761","0.27400001613","0.27400001613","43.2531","2"
"060750476003","0.15753684246","0.15753684246","0.180999819","0.180999819","0.6","0.6","0.19351980648","0.19351980648","0.866999133","0.866999133","0.152999847","0.152999847","151.777","0","0.00333429","3.693","9.3789","2.2764","0.086999913","0.086999913","2.00401","4.6154","0.253999746","0.253999746","43.2463","2"
"060750479023","0.116653","0.116653","0.172","0.172","0.54","0.54","0.290542","0.290542","0.914","0.914","0.086","0.086","200.305","0","0.00303394","4.3","12.69","2.7109","0.092","0.092","3.24149","4.6154","0.325","0.325","43.233","2"
"060750131022","0.05126317602",,"0.2500001536",,"0.128998","0.128998","0.11284219781","0.11284219781","0.98800252057","0.98800252057","0.00500007806",,"130.414","0","0.000377473","5.1831","21.7658","2.5093","0.0980000831",,"4.74052","0.3448","0.52900148565","0.52900148565","43.2264","2"
"060750135002","0.07446","0.07446","0.127","0.127","0.264","0.264","0.106867","0.106867","0.969","0.969","0.041",,"156.583","0","0.00148631","12.0926","23.1131","5.4424","0.084","0.084","4.10572","0.3448","0.634","0.634","43.2197","2"
"060750166003","0.066462","0.066462","0.055",,"0.296999","0.296999","0.232256","0.232256","0.97000125567",,"0.077","0.077","237.613","0","0.00735502","6.4","14.3899","3.6513","0.081","0.081","6.2179","3.7988","0.34000110248","0.34000110248","43.2063","2"
"060750205001","0.070746","0.070746","0.118","0.118","0.221","0.221","0.19044","0.19044","0.98","0.98","0.028",,"109.781","0","0.00522555","5.9","5.44","3.0756","0.057","0.057","6.30631","2.1589","0.431","0.431","43.2062","2"
"060750302021","0.096601","0.096601","0.087",,"0.514","0.514","0.242551","0.242551","0.94200053568",,"0.056","0.056","233.657","0","0.0263933","4.3","8.28","2.8093","0.024","0.024","8.05369","3.7988","0.40300047033","0.40300047033","43.1929","2"
"060750312014","0.130178","0.130178","0.151","0.151","0.847","0.847","0.33184","0.33184","0.816","0.816","0.2","0.2","275.386","0","0.000710484","8.2","14.28","4.4834","0.128","0.128","2.46305","0.5207","0.154","0.154","42.9665","2"
"060750263032","0.21196423667","0.21196423667","0.14675826263","0.14675826263","0.885745","0.885745","0.28794460956","0.28794460956","0.70522777552","0.70522777552","0.242298816","0.242298816","277.546","0","0.00322558","8.1826","14.2497","4.4739","0.08569108389","0.08569108389","2.29659","0.5207","0.13986361266","0.13986361266","42.9664","2"
"060750326023","0.12207493566","0.12207493566","0.15199992203","0.15199992203","0.63","0.63","0.28571381922","0.28571381922","0.90099945437","0.90099945437","0.22599986199","0.22599986199","242.98","0","0.0049276","4.3","8.28","2.8093","0.11399993465","0.11399993465","2.91006","1.8761","0.27299984292","0.27299984292","42.933","2"
"060750313011","0.174113","0.174113","0.152","0.152","0.819","0.819","0.267079","0.267079","0.833","0.833","0.133","0.133","195.372","0","0.00176475","7.6718","13.2629","3.8255","0.115","0.115","6.39182","0.5125","0.208","0.208","42.9264","2"
"060750157001","0.061339","0.061339","0.097","0.097","0.495","0.495","0.242024","0.242024","0.933","0.933","0.05",,"192.812","0","0.000644177","10.0643","19.3466","4.6398","0.081","0.081","6.38298","0.6531","0.342","0.342","42.8931","2"
"060750452005","0.15466207276","0.15466207276","0.15200010929","0.15200010929","0.547999","0.547999","0.25867802069","0.25867802069","0.89200035961","0.89200035961","0.18300003787","0.18300003787","160.9","0","0.00166494","3.2","6.69","1.9236","0.10700001859","0.10700001859","4.90621","4.6154","0.29100007568","0.29100007568","42.8797","2"
"060750329013","0.146477","0.146477","0.187","0.187","0.782","0.782","0.21172","0.21172","0.854","0.854","0.172","0.172","136.139","0","0.00176334","6.4","10.72","2.498","0.101","0.101","3.91293","1.8761","0.137","0.137","42.613","2"
"060750127003","0.121341","0.121341","0.114","0.114","0.173","0.173","0.115753","0.115753","0.963","0.963","0.019",,"3.48471","0","0.0113866","0","5.1498","0","0.101","0.101","1.7452","0.3448","0.5","0.5","42.586","2"
"060750426022","0.20678679321","0.20678679321","0.152999847","0.152999847","0.450001","0.450001","0.16531283469","0.16531283469","0.904999095","0.904999095","0.086999913",,"117.442","0","0.0309277","3.5853","8.7918","2.1994","0.092999907","0.092999907","2.84091","4.6154","0.270999729","0.270999729","42.5728","2"
"060750127002","0.121341","0.121341","0.114","0.114","0.173","0.173","0.115753","0.115753","0.963","0.963","0.019",,"2.25366","0","0.00678485","0","5.16","0","0.101","0.101","2.80583","0.3448","0.5","0.5","42.5727","2"
"060750166001","0.06646195156",,"0.05500003053","0.05500003053","0.297","0.297","0.23225592232","0.23225592232","0.96999992866","0.96999992866","0.07699985739",,"202.946","0","0.00343163","6.4","14.39","3.6513","0.08099990826",,"8.01068","3.7988","0.34000010811","0.34000010811","42.533","2"
"060750204022","0.06686000842","0.06686000842","0.14100001165","0.14100001165","0.296","0.296","0.12548401193","0.12548401193","0.9820001329","0.9820001329","0.01900000284",,"212.658","0","0.00588","4.6363","7.896","2.4557","0.12100001084",,"5.77515","2.1589","0.50200006096","0.50200006096","42.533","2"
"060750205003","0.07074581414","0.07074581414","0.11799966496","0.11799966496","0.221002","0.221002","0.19043945438","0.19043945438","0.9799972494","0.9799972494","0.02799991849",,"156.295","0","0.00366337","5.9","5.44","3.0756","0.05699983704","0.05699983704","10.8429","2.1589","0.4309987836","0.4309987836","42.5196","2"
"060750260021","0.1714020138","0.1714020138","0.16100000887","0.16100000887","0.746","0.746","0.27772702446","0.27772702446","0.8080000501","0.8080000501","0.14900001363","0.14900001363","148.971","0","0.00110774","8.2018","14.2815","4.4852","0.09900000608",,"2.21852","0.5207","0.15600001293","0.15600001293","42.2997","2"
"060750131021","0.05126300505",,"0.25000001202","0.25000001202","0.129","0.129","0.11284201853","0.11284201853","0.98800007354","0.98800007354","0.00500001244",,"178.648","0","0.00031427","7.9","30.47","3.8247","0.0980000106",,"2.65701","0.3448","0.52900004699","0.52900004699","42.2398","2"
"060750253002","0.16209831314","0.16209831314","0.08600016493","0.08600016493","0.491999","0.491999","0.20437345486","0.20437345486","0.92300156189","0.92300156189","0.10600002144",,"119.185","0","0.00107459","13.9","37.03","6.7351","0.05700010061","0.05700010061","4.19287","3.2195","0.25900042222","0.25900042222","42.233","2"
"060750251002","0.13189693722","0.13189693722","0.1129999234","0.1129999234","0.480001","0.480001","0.21751888288","0.21751888288","0.95699938774","0.95699938774","0.02699997773",,"106.901","0","0","13.9","37.03","6.7351","0.08599993621","0.08599993621","6.07441","3.2195","0.22499986819","0.22499986819","42.2264","2"
"060750130001","0.08948982102","0.08948982102","0.141999716","0.141999716","0.186002","0.186002","0.14399071202","0.14399071202","0.96499807","0.96499807","0.007999984",,"48.0991","0","0.00785419","0.0148","5.2073","0.0071","0.056999886",,"5.43634","0.3448","0.48499903","0.48499903","42.2261","2"
"060750128001","0.172779","0.172779","0.118","0.118","0.265","0.265","0.114711","0.114711","0.958","0.958","0.017",,"8.5","0","0.0145976","0","5.16","0","0.056","0.056","6.095","0.3448","0.5","0.5","42.2127","2"
"060750428002","0.27463322787","0.27463322787","0.201849193","0.201849193","0.330815","0.330815","0.09702880764",,"0.965495401","0.965495401","0.035795916",,"-5.2","0.0293414","0.00526343","4.0455","11.9391","2.5505","0.064631515","0.064631515","2.35738","0.3428","0.21875282","0.21875282","41.9526","2"
"060750476002","0.15753684246","0.15753684246","0.180999819","0.180999819","0.6","0.6","0.19351980648","0.19351980648","0.866999133","0.866999133","0.152999847","0.152999847","147.817","0","0.00246893","3.6945","9.3876","2.2776","0.086999913","0.086999913","2.24383","4.6154","0.253999746","0.253999746","41.913","2"
"060750129022","0.072392",,"0.115","0.115","0.272","0.272","0.137145","0.137145","0.983","0.983","0.025",,"27.712","0","0.011774","0","5.16","0","0.038",,"3.77797","0.3448","0.551","0.551","41.8994","2"
"060750402004","0.11719200001","0.11719200001","0.146","0.146","0.511","0.511","0.16156","0.16156","0.89700000002","0.89700000002","0.08",,"129.982","0","0.00590752","3.1978","6.6854","1.9223","0.084","0.084","3.5791","3.0129","0.40100000001","0.40100000001","41.8929","2"
"060750479021","0.116653","0.116653","0.172","0.172","0.54","0.54","0.290542","0.290542","0.914","0.914","0.086","0.086","174.01","0","0.000647165","4.3","12.69","2.7109","0.092","0.092","6.23053","4.6154","0.325","0.325","41.8731","2"
"060750166002","0.066462","0.066462","0.055","0.055","0.297","0.297","0.232256","0.232256","0.97","0.97","0.077",,"256.262","0","0.00354937","6.4","14.39","3.6513","0.081","0.081","8.65052","3.7988","0.34","0.34","41.8597","2"
"060750206002","0.0742350496","0.0742350496","0.11000004935","0.11000004935","0.273","0.273","0.17516810451","0.17516810451","0.97200062871","0.97200062871","0.02700003397",,"107.993","0","0","6.0659","6.0952","3.1515","0.14000004166","0.14000004166","12.3153","2.1589","0.49500025508","0.49500025508","41.8464","2"
"060750302022","0.096601","0.096601","0.087","0.087","0.514","0.514","0.242551","0.242551","0.942","0.942","0.056",,"233.632","0","0.00838558","4.3","8.28","2.8093","0.024",,"14.9966","3.7988","0.403","0.403","41.8463","2"
"060750329021","0.15669619339","0.15669619339","0.22000020458","0.22000020458","0.718","0.718","0.24654825007","0.24654825007","0.80400104205","0.80400104205","0.17500012323","0.17500012323","154.284","0","0.000824116","4.3","8.28","2.8093","0.10900009451","0.10900009451","2.43704","1.8761","0.2730002967","0.2730002967","41.6064","2"
"060750305003","0.14419003213","0.14419003213","0.26900003571","0.26900003571","0.471","0.471","0.16406602671","0.16406602671","0.89600022966","0.89600022966","0.07500001007",,"388.737","0","0.00504166","3.6028","9.9106","1.9481","0.2060000195",,"3.01344","0.2606","0.33300008256","0.33300008256","41.5997","2"
"060750401001","0.108746","0.108746","0.139","0.139","0.4","0.4","0.264266","0.264266","0.91","0.91","0.159","0.159","171.334","0","0.00227976","3.1914","6.672","1.9184","0.116","0.116","6.90449","0.3448","0.384","0.384","41.5597","2"
"060750451002","0.102118","0.102118","0.135","0.135","0.551","0.551","0.386899","0.386899","0.892","0.892","0.063",,"181.582","0","0.00143174","3.2159","6.7129","1.9364","0.077","0.077","6.71946","4.6154","0.379","0.379","41.5264","2"
"060750262002","0.162424","0.162424","0.173","0.173","0.884","0.884","0.276474","0.276474","0.77","0.77","0.197","0.197","226.476","0","0.000651356","8.2","14.28","4.4834","0.09","0.09","2.50456","0.5207","0.065","0.065","41.2998","2"
"060750479022","0.116653","0.116653","0.172","0.172","0.54","0.54","0.290542","0.290542","0.914","0.914","0.086","0.086","176.997","0","0.00111789","4.3","12.69","2.7109","0.092","0.092","3.42634","4.6154","0.325","0.325","41.2264","2"
"060750426021","0.20678680303","0.20678680303","0.15299999408","0.15299999408","0.45","0.45","0.16531352323","0.16531352323","0.90499985752","0.90499985752","0.08700034748",,"136.771","0","0.00708695","3.5872","8.8022","2.2008","0.09299995875","0.09299995875","4.36681","4.6154","0.27100060406","0.27100060406","41.2262","2"
"060750327004","0.142917","0.142917","0.179","0.179","0.656","0.656","0.216353","0.216353","0.841","0.841","0.179","0.179","221.858","0","0.0063936","4.3","8.28","2.8093","0.097","0.097","3.31858","1.8761","0.159","0.159","40.9463","2"
"060750327003","0.14291685708","0.14291685708","0.178999821","0.178999821","0.656","0.656","0.21635278365","0.21635278365","0.840999159","0.840999159","0.178999821","0.178999821","197.964","0","0.00255138","4.3","8.28","2.8093","0.096999903","0.096999903","4.89796","1.8761","0.158999841","0.158999841","40.933","2"
"060750351003","0.161644","0.161644","0.171","0.171","0.675","0.675","0.209019","0.209019","0.871","0.871","0.103","0.103","70.5641","0","0.00202843","4.3","8.28","2.8093","0.079","0.079","2.6087","1.8761","0.248","0.248","40.9329","2"
"060750211002","0.1495121588","0.1495121588","0.11400010723","0.11400010723","0.319999","0.319999","0.14659308162","0.14659308162","0.9850010707","0.9850010707","0.01000000942",,"105.254","0","0.00315382","6.148","6.4193","3.1891","0.09200004938",,"12.2869","2.1589","0.32300040846","0.32300040846","40.8729","2"
"060750451001","0.102118","0.102118","0.135","0.135","0.551","0.551","0.386899","0.386899","0.892","0.892","0.063",,"174.806","0","0.000795806","3.2073","6.7006","1.9295","0.077","0.077","9.24094","4.6154","0.379","0.379","40.8531","2"
"060750312021","0.13179060463","0.13179060463","0.165999502","0.165999502","0.876","0.876","0.24577326268","0.24577326268","0.791997624","0.791997624","0.190999427","0.190999427","326.966","0","0.00033243","8.2","14.28","4.4834","0.0999997","0.0999997","3.87597","0.5207","0.183999448","0.183999448","40.6132","2"
"060750309003","0.18733000328","0.18733000328","0.21500000297","0.21500000297","0.536","0.536","0.07986100258","0.07986100258","0.93300001605","0.93300001605","0.07400000183",,"186.806","0","0.0305904","4.8954","8.6361","2.7757","0.08300000165","0.08300000165","6.58241","0.2606","0.13900000298","0.13900000298","40.6062","2"
"060750302012","0.119981","0.119981","0.134","0.134","0.41","0.41","0.171367","0.171367","0.912","0.912","0.1","0.1","209.846","0","0.00759228","4.3","8.28","2.8093","0.089","0.089","3.66667","3.1735","0.307","0.307","40.5663","2"
"060750154002","0.134989","0.134989","0.139","0.139","0.4","0.4","0.189221","0.189221","0.961","0.961","0.027",,"165.685","0","0","12.0948","23.0903","5.4432","0.096","0.096","8.33333","1.4668","0.417","0.417","40.5398","2"
"060750326021","0.12207640481","0.12207640481","0.15200169953",,"0.629995","0.629995","0.28571714532","0.28571714532","0.90101035769",,"0.22600243369","0.22600243369","179.68","0","0.00147164","4.3","8.28","2.8093","0.11400124363","0.11400124363","2.56975","1.8761","0.27300312864","0.27300312864","40.2664","2"
"060750217002","0.17185602328","0.17185602328","0.19500001557","0.19500001557","0.402","0.402","0.16474602104","0.16474602104","0.94100013884","0.94100013884","0.03900000071",,"174.903","0","0.0075514","3.6","9.91","1.9474","0.1090000051","0.1090000051","3.33637","2.1589","0.39100003892","0.39100003892","40.2396","2"
"060750167002","0.044489",,"0.074","0.074","0.227","0.227","0.203696","0.203696","0.984","0.984","0.006",,"117.25","0","0.00519784","6.3956","14.3118","3.6463","0.037",,"3.71921","2.1589","0.415","0.415","40.2329","2"
"060750227022","0.15829303144","0.15829303144","0.07400001467",,"0.319","0.319","0.06580702508",,"0.95900034542","0.95900034542","0.03700000733",,"49.7524","0","0.000551421","9.9","14.55","4.6817","0.04500000838",,"4.31699","17.613","0.27600011037","0.27600011037","40.2063","2"
"060750215004","0.148567","0.148567","0.11","0.11","0.368","0.368","0.120491","0.120491","0.941","0.941","0.046",,"117.83","0","0.00321023","3.6","9.91","1.9474","0.074",,"11.3529","2.1589","0.493","0.493","40.1796","2"
"060750329011","0.146477","0.146477","0.187","0.187","0.782","0.782","0.21172","0.21172","0.854","0.854","0.172","0.172","146.716","0","0.00131417","6.4","10.72","2.498","0.101","0.101","1.95094","1.8761","0.137","0.137","39.9597","2"
"060750326011","0.1261018739","0.1261018739","0.122999877",,"0.662","0.662","0.19743980256","0.19743980256","0.89699920069",,"0.118999881","0.118999881","183.671","0","0.00621245","4.3","8.28","2.8093","0.070999929","0.070999929","4.18871","1.8761","0.24999983578","0.24999983578","39.9196","2"
"060750126022","0.15214166781",,"0.09995585996","0.09995585996","0.156373","0.156373","0.07284786411",,"0.97157065331","0.97157065331","0.07096856968",,"-7.2048","0.00576534","0.000897436","0.0138","5.2034","0.0067","0.06497125565",,"3.73692","0.3448","0.54475928091","0.54475928091","39.8994","2"
"060750134002","0.10615","0.10615","0.138","0.138","0.218","0.218","0.118617","0.118617","0.966","0.966","0.014",,"157.623","0","0.00235923","12.1","23.1","5.4453","0.054",,"5.48011","0.3448","0.465","0.465","39.893","2"
"060750170002","0.07181700396","0.07181700396","0.1450000066","0.1450000066","0.226","0.226","0.11589301065","0.11589301065","0.99000005479","0.99000005479","0.00300000157",,"139.549","0","0.00322623","5.9727","6.7412","3.1593","0.06800000319","0.06800000319","4.29043","2.1589","0.5050000241","0.5050000241","39.8796","2"
"060750309006","0.18733","0.18733","0.215","0.215","0.536","0.536","0.079861","0.079861","0.933","0.933","0.074",,"164.25","0","0.0109571","7.9984","13.8074","3.9492","0.083","0.083","0","0.2606","0.139","0.139","39.6462","2"
"060750351006","0.161644","0.161644","0.171","0.171","0.675","0.675","0.209019","0.209019","0.871","0.871","0.103","0.103","57.4845","0","0.00217309","4.3","8.28","2.8093","0.079","0.079","0.34614","1.8761","0.248","0.248","39.6129","2"
"060750252003","0.189861","0.189861","0.1","0.1","0.509","0.509","0.275787","0.275787","0.947","0.947","0.013",,"87.6911","0","0.000971765","13.9","37.03","6.7351","0.061","0.061","3.62845","3.2195","0.256","0.256","39.573","2"
"060750165004","0.09530595305","0.09530595305","0.10200102","0.10200102","0.416994","0.416994","0.23774337741","0.23774337741","0.93800938","0.93800938","0.08300083",,"233.845","0","0.00247369","6.3981","14.3852","3.6502","0.09800098",,"2.1446","4.2073","0.3600036","0.3600036","39.5664","2"
"060750478021","0.147014","0.147014","0.14","0.14","0.699","0.699","0.294842","0.294842","0.825","0.825","0.112","0.112","204.132","0","0.000555786","4.3","12.69","2.7109","0.112","0.112","1.91939","4.6154","0.418","0.418","39.5598","2"
"060750478023","0.14701355896","0.14701355896","0.13999958","0.13999958","0.699001","0.699001","0.29484111547","0.29484111547","0.824997525","0.824997525","0.111999664","0.111999664","168.612","0","0.00000087128","4.3","12.69","2.7109","0.111999664","0.111999664","2.08189","4.6154","0.417998746","0.417998746","39.5598","2"
"060750301011","0.0854481014","0.0854481014","0.08799993055","0.08799993055","0.383999","0.383999","0.26993179816","0.26993179816","0.96900019291","0.96900019291","0.042999914","0.042999914","266.866","0","0.00357663","6.1371","13.65","3.5419","0.0859999175","0.0859999175","4.63641","3.7988","0.41999992074","0.41999992074","39.5464","2"
"060750168011","0.115951",,"0.062","0.062","0.426","0.426","0.234762","0.234762","0.971","0.971","0.011",,"125.534","0","0.000704304","6.438","14.5961","3.6902","0.081","0.081","7.67085","3.7988","0.48","0.48","39.5197","2"
"060750206003","0.0742349749","0.0742349749","0.10999997195","0.10999997195","0.273","0.273","0.17516795709","0.17516795709","0.9719997086","0.9719997086","0.02699999245",,"130","0","0","5.9","5.44","3.0756","0.13999989959","0.13999989959","11.9695","2.1589","0.49499980432","0.49499980432","39.5131","2"
"060750327002","0.14291657125","0.14291657125","0.178999463","0.178999463","0.656001","0.656001","0.21635235094","0.21635235094","0.840997477","0.840997477","0.178999463","0.178999463","155.826","0","0.00179593","4.3","8.28","2.8093","0.096999709","0.096999709","2.0432","1.8761","0.158999523","0.158999523","39.293","2"
"060750311002","0.138291","0.138291","0.131","0.131","0.541","0.541","0.165101","0.165101","0.941","0.941","0.069",,"150.792","0","0.00680764","5.4213","11.6387","2.9516","0.074","0.074","7.20723","0.2606","0.245","0.245","39.2529","2"
"060750135001","0.07445985108","0.07445985108","0.126999746","0.126999746","0.264001","0.264001","0.10686678627","0.10686678627","0.968998062","0.968998062","0.040999918",,"190.562","0","0.000433158","12.0845","23.1274","5.4393","0.083999832","0.083999832","4.27693","0.3448","0.633998732","0.633998732","39.2198","2"
"060750327006","0.14291685708","0.14291685708","0.178999821","0.178999821","0.656","0.656","0.21635278365","0.21635278365","0.840999159","0.840999159","0.178999821","0.178999821","167.753","0","0.00265919","4.3","8.28","2.8093","0.096999903","0.096999903","1.62206","1.8761","0.158999841","0.158999841","38.9663","2"
"060750332032","0.12060206063",,"0.09600021468","0.09600021468","0.579","0.579","0.37013551134","0.37013551134","0.92000097282","0.92000097282","0.12900018979","0.12900018979","71.7572","0","0","8","13.81","3.9498","0.10300012238","0.10300012238","1.24193","0.2606","0.24900036922","0.24900036922","38.9597","2"
"060750311003","0.138291","0.138291","0.131","0.131","0.541","0.541","0.165101","0.165101","0.941","0.941","0.069",,"188.638","0","0.00365498","8.2","14.28","4.4834","0.074","0.074","3.82593","0.2606","0.245","0.245","38.9463","2"
"060750327001","0.142917","0.142917","0.179",,"0.656","0.656","0.216353","0.216353","0.84100045003",,"0.179","0.179","148.324","0","0.00149762","4.3","8.28","2.8093","0.097","0.097","4.22915","1.8761","0.15900039513","0.15900039513","38.9397","2"
"060750128003","0.17277882722","0.17277882722","0.117999882","0.117999882","0.265001","0.265001","0.11471088529","0.11471088529","0.957999042","0.957999042","0.016999983",,"18.9713","0","0.00399551","0","5.159","0","0.055999944","0.055999944","5.20833","0.3448","0.4999995","0.4999995","38.8861","2"
"060750170001","0.071817","0.071817","0.145","0.145","0.226","0.226","0.115893","0.115893","0.99","0.99","0.003",,"185.614","0","0.00248101","6.1347","9.6406","3.3458","0.068","0.068","8.13872","2.1589","0.505","0.505","38.8597","2"
"060750309004","0.18733","0.18733","0.215","0.215","0.536","0.536","0.079861","0.079861","0.933","0.933","0.074",,"162.777","0","0.00614731","4.8757","8.6029","2.7669","0.083","0.083","5.65709","0.2606","0.139","0.139","38.6129","2"
"060750330002","0.17483101803","0.17483101803","0.15900002196","0.15900002196","0.644","0.644","0.22560600594",,"0.85500009925","0.85500009925","0.11500000549",,"169.073","0","0.00268338","6.4","10.72","2.498","0.07900000932","0.07900000932","4.09357","1.8761","0.23000002196","0.23000002196","38.593","2"
"060750303013","0.129898","0.129898","0.184","0.184","0.514","0.514","0.128288","0.128288","0.909","0.909","0.127","0.127","354.595","0","0.00261687","4.3034","8.2951","2.8044","0.078","0.078","8.48564","0.2606","0.292","0.292","38.5664","2"
"060750132001","0.128435","0.128435","0.235","0.235","0.197","0.197","0.071505",,"0.994","0.994","0.015",,"131.15","0","0","7.9465","16.9691","3.5767","0.069","0.069","6.4568","0.3448","0.47","0.47","38.5531","2"
"060750204013","0.062136","0.062136","0.086","0.086","0.221","0.221","0.088034","0.088034","0.981","0.981","0.021",,"165.136","0","0.00312893","5.9","5.44","3.0756","0.08",,"9.92066","2.1589","0.45","0.45","38.5263","2"
"060750263021","0.18356912882","0.18356912882","0.12900012417","0.12900012417","0.837","0.837","0.22379632198","0.22379632198","0.78700057582","0.78700057582","0.1460002647","0.1460002647","224.035","0","0.000972526","8.2208","14.2975","4.5043","0.09500008803","0.09500008803","4.37243","0.5207","0.1600001249","0.1600001249","38.2798","2"
"060750156001","0.17346614162","0.17346614162","0.09900014582","0.09900014582","0.465999","0.465999","0.27454219851","0.27454219851","0.93700100819","0.93700100819","0.11800002833",,"202.94","0","0.00319273","3.2","6.69","1.9236","0.09600010071","0.09600010071","6.08614","4.6154","0.40900043748","0.40900043748","38.193","2"
"060750171023","0.12778561664","0.12778561664","0.04999985",,"0.236001","0.236001","0.15863052411","0.15863052411","0.99999795742",,"0",,"258.694","0","0.00617453","6.4","14.3899","3.6513","0.041999874","0.041999874","10.4559","3.7988","0.35699976961","0.35699976961","38.193","2"
"060750170003","0.07181673905","0.07181673905","0.14499944163","0.14499944163","0.226003","0.226003","0.11589255541","0.11589255541","0.98999623933","0.98999623933","0.002999988",,"227.671","0","0.00228516","6.0894","8.8294","3.2936","0.06799974114","0.06799974114","9.37082","2.1589","0.50499806834","0.50499806834","38.1864","2"
"060750308004","0.174006","0.174006","0.212","0.212","0.485","0.485","0.057373",,"0.958","0.958","0.053",,"182.924","0","0.0340274","6.1983","10.7071","3.0678","0.09","0.09","2.25919","0.2721","0.212","0.212","37.9662","2"
"060750330004","0.17483101176","0.17483101176","0.15900001068","0.15900001068","0.644","0.644","0.2256060073","0.2256060073","0.8550000562","0.8550000562","0.11500000669","0.11500000669","71.9109","0","0.000533857","7.0757","12.025","3.1111","0.07900000393","0.07900000393","0.874891","1.8761","0.23000000877","0.23000000877","37.953","2"
"060750331004","0.19175402213","0.19175402213","0.17400003182","0.17400003182","0.67","0.67","0.11896126505","0.11896126505","0.91600040728","0.91600040728","0.10900007203",,"58.2001","0","0.000876084","8","13.81","3.9498","0.06400004117","0.06400004117","4.89215","0.2606","0.14300014506","0.14300014506","37.9463","2"
"060750310002","0.19150605141","0.19150605141","0.17300004902","0.17300004902","0.578","0.578","0.15037406346","0.15037406346","0.93600034898","0.93600034898","0.10700002725",,"259.177","0","0.00569183","8.1977","14.276","4.4822","0.0960000282","0.0960000282","5.57621","0.2606","0.17400009017","0.17400009017","37.9397","2"
"060750328021","0.136478","0.136478","0.175","0.175","0.803","0.803","0.24805","0.24805","0.84","0.84","0.208","0.208","301.492","0","0.000260958","5.8774","10.1128","2.5755","0.115","0.115","2.24888","1.8761","0.274","0.274","37.9332","2"
"060750302011","0.119981","0.119981","0.134","0.134","0.41","0.41","0.171367","0.171367","0.912","0.912","0.1","0.1","208.125","0","0.00333226","4.3","8.28","2.8093","0.089","0.089","3.99315","3.1704","0.307","0.307","37.8997","2"
"060750301012","0.0854478291","0.0854478291","0.087999824","0.087999824","0.384001","0.384001","0.26993146014","0.26993146014","0.968998062","0.968998062","0.042999914",,"265.222","0","0.00233558","4.2903","8.3133","2.7956","0.085999828","0.085999828","10.3751","3.7988","0.41999916","0.41999916","37.8531","1"
"060750204012","0.06213601261","0.06213601261","0.0860000266","0.0860000266","0.221","0.221","0.08803402367","0.08803402367","0.98100018524","0.98100018524","0.02100000358",,"363.203","0","0.00882134","5.5252","6.1685","2.8918","0.08000002282",,"19.0204","2.1589","0.45000009469","0.45000009469","37.853","1"
"060750313021","0.17333280046","0.17333280046","0.13399986044","0.13399986044","0.87","0.87","0.3831384594","0.3831384594","0.79999910388","0.79999910388","0.18299974638","0.18299974638","285.138","0","0","8.0011","13.8127","3.9528","0.11499986717","0.11499986717","2.29885","0.5207","0.21499974576","0.21499974576","37.6199","1"
"060750313012","0.174113","0.174113","0.152","0.152","0.819","0.819","0.267079","0.267079","0.833","0.833","0.133","0.133","210.088","0","0.000617781","7.7683","13.4238","3.8621","0.115","0.115","3.17461","0.5141","0.208","0.208","37.6198","1"
"060750310003","0.19150600348","0.19150600348","0.17300000404","0.17300000404","0.578","0.578","0.15037400887","0.15037400887","0.93600002182","0.93600002182","0.10700000535",,"238.002","0","0.00393255","7.7423","13.4994","4.2503","0.09600000342","0.09600000342","4.06752","0.2606","0.17400000412","0.17400000412","37.613","1"
"060750351005","0.16164418119","0.16164418119","0.17100014833","0.17100014833","0.675","0.675","0.20901925566","0.20901925566","0.87100099508","0.87100099508","0.10300013081","0.10300013081","67.2432","0","0.000746444","4.3","8.28","2.8093","0.07900009577","0.07900009577","2.06825","1.8761","0.24800028731","0.24800028731","37.6063","1"
"060750328023","0.136478","0.136478","0.175","0.175","0.803","0.803","0.24805","0.24805","0.84","0.84","0.208","0.208","269.71","0","0.000191973","4.3032","8.2837","2.8088","0.115","0.115","3.01432","1.8761","0.274","0.274","37.5932","1"
"060750305002","0.14419","0.14419","0.269","0.269","0.471","0.471","0.164066","0.164066","0.896","0.896","0.075","0.075","546.313","0","0.00102694","3.6","9.91","1.9474","0.206","0.206","4.44984","0.2606","0.333","0.333","37.5865","1"
"060750311005","0.138291","0.138291","0.131","0.131","0.541","0.541","0.165101","0.165101","0.941","0.941","0.069",,"229.903","0","0.0108242","4.347","8.8648","2.4565","0.074","0.074","8.13481","0.4187","0.245","0.245","37.5796","1"
"060750128004","0.172779","0.172779","0.118","0.118","0.265","0.265","0.114711","0.114711","0.958","0.958","0.017",,"7.51802","0","0.00421188","0","5.16","0","0.056","0.056","3.58852","0.3448","0.5","0.5","37.5661","1"
"060750214003","0.147731","0.147731","0.097","0.097","0.306","0.306","0.070252","0.070252","0.964","0.964","0.006",,"140.641","0","0.0144426","5.8927","5.4541","3.072","0.042",,"7.98403","2.1589","0.363","0.363","37.5462","1"
"060750204011","0.06213599375","0.06213599375","0.08600000525","0.08600000525","0.221","0.221","0.08803399296","0.08803399296","0.98099969274","0.98099969274","0.02099998901","0.02099998901","244.202","0","0.00303996","5.9019","5.4743","3.0778","0.07999999404",,"14.6359","2.1589","0.44999988377","0.44999988377","37.5197","1"
"060750132003","0.12843515732","0.12843515732","0.23500006886","0.23500006886","0.196999","0.196999","0.07150509731",,"0.99400068968","0.99400068968","0.01500002437",,"89.6296","0","0.000327178","6.2567","14.4329","2.8157","0.0690000573","0.0690000573","3.87597","0.3448","0.47000023415","0.47000023415","37.2397","1"
"060750426023","0.206787","0.206787","0.153","0.153","0.45","0.45","0.165313","0.165313","0.905","0.905","0.087",,"121.003","0","0.00300959","3.5867","8.7993","2.2004","0.093","0.093","2.70782","4.6154","0.271","0.271","37.2396","1"
"060750129023","0.072392",,"0.115","0.115","0.272","0.272","0.137145","0.137145","0.983","0.983","0.025",,"11.8385","0","0.00106793","0","5.16","0","0.038",,"4.17101","0.3448","0.551","0.551","37.2262","1"
"060750302023","0.09660105196","0.09660105196","0.08700007361","0.08700007361","0.514","0.514","0.24255105132","0.24255105132","0.94200036363","0.94200036363","0.0560000508",,"257.249","0","0.00550633","4.3","8.28","2.8093","0.0240000312",,"7.11308","1.5125","0.40300011681","0.40300011681","37.213","1"
"060750204021","0.06686008117","0.06686008117","0.14100006256","0.14100006256","0.296","0.296","0.12548406259","0.12548406259","0.98200047157","0.98200047157","0.01900001225",,"529.939","0","0.00177192","4.1626","8.8166","2.2234","0.12100003692",,"6.6576","2.1589","0.50200015224","0.50200015224","37.1998","1"
"060750214001","0.147731","0.147731","0.097","0.097","0.306","0.306","0.070252","0.070252","0.964","0.964","0.006",,"130.658","0","0.00332617","6.1515","6.4329","3.1906","0.042",,"14.0536","2.1589","0.363","0.363","37.1996","1"
"060750351004","0.16164398581","0.16164398581","0.17099994971","0.17099994971","0.675","0.675","0.20901899903","0.20901899903","0.87099993878","0.87099993878","0.10300000345","0.10300000345","74.054","0","0.000667481","4.3","8.28","2.8093","0.07899999894","0.07899999894","1.13895","1.8761","0.24799998581","0.24799998581","36.9463","1"
"060750157004","0.061339","0.061339","0.097","0.097","0.495","0.495","0.242024","0.242024","0.933","0.933","0.05",,"218.313","0","0.00245246","5.0637","11.1745","2.9298","0.081","0.081","1.67112","4.6154","0.342","0.342","36.9064","1"
"060750134001","0.10614968155","0.10614968155","0.137999586","0.137999586","0.218002","0.218002","0.11861664415","0.11861664415","0.965997102","0.965997102","0.013999958",,"154.027","0","0","12.1","23.1","5.4453","0.053999838",,"7.01754","0.3448","0.464998605","0.464998605","36.8798","1"
"060750305001","0.14419","0.14419","0.269","0.269","0.471","0.471","0.164066","0.164066","0.896","0.896","0.075","0.075","558.279","0","0.0005607","4.3565","8.4397","2.3185","0.206","0.206","2.46305","0.2606","0.333","0.333","36.6065","1"
"060750133001","0.19698980301","0.19698980301","0.16999983","0.16999983","0.289001","0.289001","0.17837782162","0.17837782162","0.957999042","0.957999042","0.063999936","0.063999936","168.182","0","0.00113706","5.121","10.2302","2.6822","0.117999882","0.117999882","7.57576","0.3448","0.378999621","0.378999621","36.5597","1"
"060750303011","0.1298980931","0.1298980931","0.18400008823","0.18400008823","0.514","0.514","0.12828810561","0.12828810561","0.90900050175","0.90900050175","0.12700006116","0.12700006116","286.224","0","0.00682375","4.3","8.28","2.8093","0.07800004168","0.07800004168","2.98832","0.2606","0.29200012936","0.29200012936","36.273","1"
"060750211001","0.149512","0.149512","0.114","0.114","0.32","0.32","0.146593","0.146593","0.985","0.985","0.01",,"105.64","0","0.00119807","6.1609","6.4702","3.1949","0.092","0.092","6.58288","2.1589","0.323","0.323","36.2263","1"
"060750216001","0.09734709778","0.09734709778","0.14900007559","0.14900007559","0.455","0.455","0.1317190805","0.1317190805","0.9460006124","0.9460006124","0.00900002961",,"185.235","0","0.00223578","3.6","9.91","1.9474","0.08100004981",,"6.27884","2.1589","0.36700031604","0.36700031604","36.2197","1"
"060750313013","0.174113","0.174113","0.152","0.152","0.819","0.819","0.267079","0.267079","0.833","0.833","0.133","0.133","260.54","0","0.000700669","8.0107","13.8353","3.9791","0.115","0.115","1.49142","0.5207","0.208","0.208","35.9665","1"
"060750428003","0.27619863167","0.27619863167","0.20299959364","0.20299959364","0.327001","0.327001","0.09758224005",,"0.97099911289","0.97099911289","0.03600015108",,"32","0","0.0348313","3.8325","10.6475","2.3936","0.06499994742","0.06499994742","1.98117","0.3448","0.2200001673","0.2200001673","35.9527","1"
"060750326013","0.126102","0.126102","0.123","0.123","0.662","0.662","0.19744","0.19744","0.897","0.897","0.119","0.119","205","0","0.00437383","4.3","8.28","2.8093","0.071","0.071","1.09722","1.8761","0.25","0.25","35.9463","1"
"060750326012","0.12610186982","0.12610186982","0.12299989028","0.12299989028","0.662","0.662","0.1974397794","0.1974397794","0.89699913352","0.89699913352","0.1189998637","0.1189998637","193.136","0","0.00324452","4.3","8.28","2.8093","0.07099994851","0.07099994851","2.8169","1.8761","0.24999981223","0.24999981223","35.933","1"
"060750157003","0.06133873921","0.06133873921","0.09699952843","0.09699952843","0.495003","0.495003","0.24202269818","0.24202269818","0.93299516545","0.93299516545","0.04999972145",,"207.061","0","0.000816212","3.2076","6.7084","1.9277","0.08099959027","0.08099959027","4.79767","4.6153","0.34199827928","0.34199827928","35.8731","1"
"060750211003","0.14951186187","0.14951186187","0.11399987764","0.11399987764","0.32","0.32","0.14659278332","0.14659278332","0.98499907987","0.98499907987","0.00999998653",,"168.751","0","0.00301669","5.9","5.44","3.0756","0.09199986174",,"11.8932","2.1589","0.32299974934","0.32299974934","35.873","1"
"060750301014","0.085448","0.085448","0.088","0.088","0.384","0.384","0.269932","0.269932","0.969","0.969","0.043",,"271.849","0","0.00171859","4.273","8.3428","2.7761","0.086","0.086","7.91936","3.2619","0.42","0.42","35.8598","1"
"060750351002","0.161644","0.161644","0.171","0.171","0.675","0.675","0.209019","0.209019","0.871","0.871","0.103","0.103","68.7302","0","0","4.3","8.28","2.8093","0.079","0.079","2.74863","1.8761","0.248","0.248","35.5997","1"
"060750217003","0.171856","0.171856","0.195","0.195","0.402","0.402","0.164746","0.164746","0.941","0.941","0.039",,"206.399","0","0.000948892","3.6","9.91","1.9474","0.109","0.109","5.78496","2.1589","0.391","0.391","35.5531","1"
"060750130004","0.08949","0.08949","0.142","0.142","0.186","0.186","0.143991","0.143991","0.965","0.965","0.008",,"33.4361","0","0.000497877","0","5.16","0","0.057",,"6.86912","0.3448","0.485","0.485","35.5463","1"
"060750328013","0.185419","0.185419","0.208","0.208","0.723","0.723","0.222082","0.222082","0.847","0.847","0.17","0.17","267.323","0","0.00128254","6.4","10.72","2.498","0.11","0.11","0.272331","1.8761","0.161","0.161","35.2998","1"
"060750311004","0.13829107226","0.13829107226","0.13100006528","0.13100006528","0.541","0.541","0.16510105674","0.16510105674","0.94100035318","0.94100035318","0.06900004037",,"236.433","0","0.002537","8.198","14.2766","4.4824","0.07400003622","0.07400003622","5.35046","0.2606","0.24500006565","0.24500006565","35.2664","1"
"060750171021","0.12778587011","0.12778587011","0.0500000033","0.0500000033","0.236001","0.236001","0.15863077339","0.15863077339","0.99999895194","0.99999895194","0",,"274.183","0","0.00457909","6.3987","14.3879","3.6505","0.04199997875","0.04199997875","7.55735","3.7988","0.3569997079","0.3569997079","35.1997","1"
"060750327005","0.142917","0.142917","0.179","0.179","0.656","0.656","0.216353","0.216353","0.841","0.841","0.179","0.179","233.043","0","0.0010317","4.3","8.28","2.8093","0.097","0.097","2.93501","1.8761","0.159","0.159","34.9531","1"
"060750601001","0.24647796449","0.24647796449","0.02977579718","0.02977579718","0.22186","0.22186","0.09974293141",,"0.99252610151","0.99252610151","0.00694769526",,"-6.75712","0.0555552","0.00136021","0.0184","0.0511","0.0114","0.04664873345","0.04664873345","0.193517","0.3422","0.28684005788","0.28684005788","34.9527","1"
"060750330001","0.174831","0.174831","0.159","0.159","0.644","0.644","0.225606","0.225606","0.855","0.855","0.115","0.115","194.06","0","0.000418086","6.4","10.72","2.498","0.079","0.079","5.44323","1.8761","0.23","0.23","34.9198","1"
"060750130002","0.08949","0.08949","0.142","0.142","0.186","0.186","0.143991","0.143991","0.965","0.965","0.008",,"44.7525","0","0.000815384","0","5.16","0","0.057",,"4.18679","0.3448","0.485","0.485","34.8996","1"
"060750128002","0.17277848166","0.17277848166","0.117999646","0.117999646","0.265002","0.265002","0.11471065587","0.11471065587","0.957997126","0.957997126","0.016999949",,"58.246","0","0.00425406","0","5.1596","0","0.055999832","0.055999832","3.61882","0.3448","0.4999985","0.4999985","34.8995","1"
"060750134003","0.10614968155","0.10614968155","0.137999586","0.137999586","0.218002","0.218002","0.11861664415","0.11861664415","0.965997102","0.965997102","0.013999958",,"209.286","0","0.00052696","12.1","23.1","5.4453","0.053999838",,"6.32467","0.3448","0.464998605","0.464998605","34.8865","1"
"060750131011","0.06990190763","0.06990190763","0.06099997652",,"0.302001","0.302001","0.07855810387","0.07855810387","1.00099880526","1.00099880526","0.03100006521",,"113.849","0","0.00138895","5.1874","21.7793","2.5114","0.03299999043",,"4.64723","0.3448","0.58999923319","0.58999923319","34.553","1"
"060750167003","0.04448904353",,"0.07400003583","0.07400003583","0.227","0.227","0.20369605863","0.20369605863","0.98400039864","0.98400039864","0.00600001138","0.00600001138","153.545","0","0","6.4","14.3895","3.6512","0.0370000288",,"5.83591","2.451","0.41500016339","0.41500016339","34.5398","1"
"060750133003","0.19698960602","0.19698960602","0.16999966","0.16999966","0.289001","0.289001","0.17837764324","0.17837764324","0.957998084","0.957998084","0.063999872","0.063999872","217.087","0","0.0052506","4.4642","9.0209","2.4238","0.117999764","0.117999764","3.93224","0.3448","0.378999242","0.378999242","34.253","1"
"060750154005","0.13498918815","0.13498918815","0.13900016237","0.13900016237","0.399999","0.399999","0.18922117037","0.18922117037","0.96100091499","0.96100091499","0.02700006113",,"181.866","0","0.00448036","3.2","6.69","1.9236","0.0960001127","0.0960001127","4.00534","0.3448","0.41700036198","0.41700036198","34.2463","1"
"060750154003","0.13498901444","0.13498901444","0.13900002283","0.13900002283","0.4","0.4","0.18922105698","0.18922105698","0.96100021964","0.96100021964","0.02700001177",,"201.878","0","0.00343072","3.2139","6.7156","1.9291","0.09600001907","0.09600001907","5.23062","0.3448","0.41700008051","0.41700008051","34.233","1"
"060750171013","0.13017774509",,"0.10699979507","0.10699979507","0.195002","0.195002","0.09389883716","0.09389883716","0.98599814857","0.98599814857","0",,"272.334","0","0.00256959","6.4","14.39","3.6513","0.06499987453",,"4.69484","3.7988","0.43699917685","0.43699917685","34.2064","1"
"060750156002","0.173466","0.173466","0.099","0.099","0.466","0.466","0.274542","0.274542","0.937","0.937","0.118","0.118","211.191","0","0.00112904","3.2004","6.6906","1.924","0.096","0.096","6.42711","4.6154","0.409","0.409","34.1931","1"
"060750156003","0.17346614868","0.17346614868","0.09900019656","0.09900019656","0.465999","0.465999","0.27454256332","0.27454256332","0.93700129875","0.93700129875","0.11800009173",,"193.958","0","0.000810368","3.2","6.69","1.9236","0.09600011211","0.09600011211","5.98578","4.6154","0.40900055182","0.40900055182","34.1931","1"
"060750328011","0.185419","0.185419","0.208","0.208","0.723","0.723","0.222082","0.222082","0.847","0.847","0.17","0.17","359.439","0","0.000298359","6.4","10.72","2.498","0.11","0.11","2.57018","1.8761","0.161","0.161","33.9532","1"
"060750301023","0.14102606325","0.14102606325","0.12400005199","0.12400005199","0.378","0.378","0.08575104562","0.08575104562","0.98200047909","0.98200047909","0.041","0.041","359.891","0","0.00603601","6.2139","11.179","3.441","0.03800003158",,"3.59195","3.463","0.34700021233","0.34700021233","33.893","1"
"060750217001","0.17185601651","0.17185601651","0.19500002707","0.19500002707","0.402","0.402","0.16474602012","0.16474602012","0.94100013328","0.94100013328","0.03900000444",,"215.753","0","0.00242836","3.6028","9.9059","1.9494","0.10900001734","0.10900001734","2.40385","2.1589","0.39100005045","0.39100005045","33.5864","1"
"060750154001","0.134989","0.134989","0.139","0.139","0.4","0.4","0.189221","0.189221","0.961","0.961","0.027",,"169.892","0","0","7.4975","14.6139","3.6241","0.096","0.096","5.38358","0.3448","0.417","0.417","33.5665","1"
"060750252004","0.18986103301","0.18986103301","0.10000001751","0.10000001751","0.509","0.509","0.27578704162","0.27578704162","0.94700018797","0.94700018797","0.01300002159",,"192.43","0","0","13.9","37.03","6.7351","0.06100001161","0.06100001161","4.64171","3.2195","0.25600005275","0.25600005275","33.5665","1"
"060750212002","0.13771209833","0.13771209833","0.09900004798","0.09900004798","0.241","0.241","0.13418102793","0.13418102793","0.98900036853","0.98900036853","0.01300001751",,"187.08","0","0.0048277","5.8649","5.5083","3.0584","0.04200004813",,"5.8789","2.1589","0.39999999381","0.39999999381","33.5463","1"
"060750131012","0.06990173597","0.06990173597","0.06099979072",,"0.302003","0.302003","0.0785577571","0.0785577571","1.00099624179","1.00099624179","0.03099991605",,"178.805","0","0.000363136","7.9","30.47","3.8247","0.03299989365",,"5.74454","0.3448","0.58999778031","0.58999778031","33.5398","1"
"060750214002","0.14773085227","0.14773085227","0.096999903","0.096999903","0.306001","0.306001","0.07025192975","0.07025192975","0.963999036","0.963999036","0.005999994",,"114.937","0","0.00117124","4.9041","8.1834","2.5826","0.041999958",,"11.5691","2.1589","0.362999637","0.362999637","33.533","1"
"060750331002","0.191754","0.191754","0.174","0.174","0.67","0.67","0.118961","0.118961","0.916","0.916","0.109","0.109","106.816","0","0.000674156","8","13.81","3.9498","0.064","0.064","1.26024","0.2606","0.143","0.143","33.313","1"
"060750171022","0.12778628135","0.12778628135","0.05000024738","0.05000024738","0.235999","0.235999","0.15863117107","0.15863117107","1.00000195909","1.00000195909","0",,"295.379","0","0.00787564","6.3943","14.3809","3.6478","0.04200007581",,"2.54066","3.7988","0.35700069226","0.35700069226","33.233","1"
"060750309007","0.18733045667",,"0.21500048877","0.21500048877","0.535998","0.535998","0.07986298165","0.07986298165","0.93300405538","0.93300405538","0.07400066297",,"140.504","0","0.000851071","8","13.81","3.9498","0.08300046999","0.08300046999","1.67168","0.2606","0.13900122497","0.13900122497","32.9797","1"
"060750308001","0.17400611212","0.17400611212","0.21200010648","0.21200010648","0.485","0.485","0.05737303512",,"0.95800052603","0.95800052603","0.0530000196",,"330.316","0","0.0165281","4.7","8.31","2.7004","0.09000003655","0.09000003655","1.54499","0.2606","0.2120001176","0.2120001176","32.9663","1"
"060750216002","0.09734704986","0.09734704986","0.14900003717","0.14900003717","0.455","0.455","0.1317190375","0.1317190375","0.94600028348","0.94600028348","0.00900000761",,"357.744","0","0.00246816","3.6018","9.9065","1.9483","0.08100002206",,"5.39745","2.1589","0.36700009044","0.36700009044","32.8931","1"
"060750171011","0.13017800708","0.13017800708","0.10700001429","0.10700001429","0.195","0.195","0.09389901142","0.09389901142","0.98600009759","0.98600009759","0",,"323.197","0","0.00252509","6.4","14.39","3.6513","0.0650000067","0.0650000067","5.55556","2.9863","0.43700004978","0.43700004978","32.8731","1"
"060750301013","0.085448","0.085448","0.088","0.088","0.384","0.384","0.269932","0.269932","0.969","0.969","0.043",,"255.156","0","0.00054028","4.3","8.28","2.8093","0.086","0.086","6.36132","3.7988","0.42","0.42","32.8665","1"
"060750309005","0.18733","0.18733","0.215","0.215","0.536","0.536","0.079861","0.079861","0.933","0.933","0.074",,"240.592","0","0.0028846","4.7029","8.3148","2.7015","0.083","0.083","4.34593","0.2606","0.139","0.139","32.6197","1"
"060750133004","0.19699","0.19699","0.17","0.17","0.289","0.289","0.178378","0.178378","0.958","0.958","0.064","0.064","168.61","0","0.000223496","3.1988","6.6874","1.9229","0.118","0.118","10.3761","0.3448","0.379","0.379","32.5531","1"
"060750130003","0.08949","0.08949","0.142","0.142","0.186","0.186","0.143991","0.143991","0.965","0.965","0.008",,"43.0755","0","0","0","5.16","0","0.057",,"4.72814","0.3448","0.485","0.485","32.233","1"
"060750129012","0.06084197415",,"0.09199996824","0.09199996824","0.229001","0.229001","0.06051206053","0.06051206053","0.98599932934","0.98599932934","0.0189999951",,"39.6192","0","0","0.0085","5.1871","0.0041","0.04999995031",,"6.6718","0.3448","0.50099972744","0.50099972744","32.213","1"
"060750215005","0.148567","0.148567","0.11","0.11","0.368","0.368","0.120491","0.120491","0.941","0.941","0.046",,"112.823","0","0","3.6","9.91","1.9474","0.074",,"7.41489","2.1589","0.493","0.493","32.1931","1"
"060750263022","0.18081518425","0.18081518425","0.12706480181","0.12706480181","0.839445","0.839445","0.22043872977","0.22043872977","0.77519371343","0.77519371343","0.14380980675","0.14380980675","254.364","0","0","8.1779","14.2416","4.4714","0.09357484493","0.09357484493","0.839631","0.5207","0.157599737","0.157599737","31.9732","1"
"060750331001","0.19175403358","0.19175403358","0.17400005323","0.17400005323","0.67","0.67","0.11896153828","0.11896153828","0.91600078917","0.91600078917","0.10900014232","0.10900014232","147.244","0","0.000174634","8","13.81","3.9498","0.06400007712","0.06400007712","4.40529","0.2606","0.14300027705","0.14300027705","31.9531","1"
"060750218001","0.16446383554","0.16446383554","0.10999989","0.10999989","0.263001","0.263001","0.14865485135","0.14865485135","0.980999019","0.980999019","0.004999995",,"103.983","0","0.00319743","3.603","9.918","1.9489","0.035999964","0.035999964","3.31825","2.1589","0.274999725","0.274999725","31.9129","1"
"060750303014","0.12989808715","0.12989808715","0.18400008259","0.18400008259","0.514","0.514","0.12828809887","0.12828809887","0.90900046969","0.90900046969","0.12700005726","0.12700005726","375.616","0","0.000934215","4.7878","8.8468","2.737","0.07800003901","0.07800003901","2.68007","0.2606","0.2920001211","0.2920001211","31.6065","1"
"060750303012","0.12989802596","0.12989802596","0.18400002338","0.18400002338","0.514","0.514","0.12828806518","0.12828806518","0.90900025313","0.90900025313","0.12700001505",,"294.412","0","0.000456828","4.3","8.28","2.8093","0.07800000645",,"7.32197","0.2606","0.29200010829","0.29200010829","31.5732","1"
"060750310001","0.191506","0.191506","0.173","0.173","0.578","0.578","0.150374","0.150374","0.936","0.936","0.107",,"373.199","0","0.00188543","4.7343","8.3685","2.7178","0.096","0.096","4.9505","0.2606","0.174","0.174","31.2731","1"
"060750301022","0.1410260272","0.1410260272","0.12400004628","0.12400004628","0.378","0.378","0.08575102963","0.08575102963","0.98200016306","0.98200016306","0.04100001401",,"347.912","0","0.0346526","3.6001","9.9097","1.9476","0.03800003436",,"4.6195","0.2606","0.34700005705","0.34700005705","30.9196","1"
"060750303021","0.17200045198","0.17200045198","0.162998533","0.162998533","0.582004","0.582004","0.1951202439","0.1951202439","0.926991657","0.926991657","0.112998983","0.112998983","331.246","0","0.00262715","4.3169","8.2997","2.8068","0.076999307","0.076999307","2.28659","0.2606","0.238997849","0.238997849","30.6264","1"
"060750308003","0.1740061323","0.1740061323","0.21200015184","0.21200015184","0.485","0.485","0.0573730564",,"0.95800065891","0.95800065891","0.05300005226",,"266.038","0","0.00262246","4.7003","8.3105","2.7005","0.09000005862","0.09000005862","2.39121","0.2606","0.21200009817","0.21200009817","30.6264","1"
"060750308005","0.17400610445","0.17400610445","0.21200008323","0.21200008323","0.485","0.485","0.05737308949",,"0.95800049899","0.95800049899","0.05300005216",,"287.694","0","0.00205504","6.1501","10.3658","2.5277","0.09000003668","0.09000003668","3.58209","0.2606","0.21200009891","0.21200009891","30.6131","1"
"060750218002","0.16446383554","0.16446383554","0.10999989","0.10999989","0.263001","0.263001","0.14865485135","0.14865485135","0.980999019","0.980999019","0.004999995",,"159.069","0","0.00199889","3.6227","9.9697","1.958","0.035999964","0.035999964","7.33653","2.1589","0.274999725","0.274999725","30.553","1"
"060750213001","0.170221","0.170221","0.106","0.106","0.252","0.252","0.116908","0.116908","0.979","0.979","0.022",,"186.808","0","0.00237124","5.5662","6.0888","2.9119","0.065",,"7.27273","2.1589","0.284","0.284","30.2197","1"
"060750309002","0.18733000894","0.18733000894","0.21500000807","0.21500000807","0.536","0.536","0.07986100702","0.07986100702","0.93300004368","0.93300004368","0.07400000499",,"238.884","0","0.00221067","4.72","8.3441","2.7105","0.08300000448","0.08300000448","3.06513","0.2606","0.13900000812","0.13900000812","29.9664","1"
"060750304001","0.19571206209","0.19571206209","0.15400005884","0.15400005884","0.539","0.539","0.16022907044","0.16022907044","0.93300033463","0.93300033463","0.09500004079","0.09500004079","382.862","0","0.00997721","6.3782","10.7049","2.4967","0.0670000278","0.0670000278","1.89394","0.2606","0.17900008628","0.17900008628","29.9663","1"
"060750302013","0.11998074487","0.11998074487","0.13399974646","0.13399974646","0.410002","0.410002","0.17136658941","0.17136658941","0.91199799743","0.91199799743","0.09999980247","0.09999980247","245.002","0","0.000970956","4.3","8.28","2.8093","0.08899979594","0.08899979594","2.46305","0.3784","0.3069993146","0.3069993146","29.9398","1"
"060750218004","0.16446411746","0.16446411746","0.11000013006","0.11000013006","0.263","0.263","0.14865511665","0.14865511665","0.981000666","0.981000666","0.00500003133",,"145.457","0","0.00339046","3.6059","9.9156","1.9507","0.0360000728","0.0360000728","4.09417","2.1589","0.27500025859","0.27500025859","29.9063","1"
"060750133002","0.19699","0.19699","0.17","0.17","0.289","0.289","0.178378","0.178378","0.958","0.958","0.064","0.064","237.011","0","0","5.1515","10.2881","2.6958","0.118","0.118","5.1282","0.3448","0.379","0.379","29.5732","1"
"060750154004","0.134989","0.134989","0.139","0.139","0.4","0.4","0.189221","0.189221","0.961","0.961","0.027",,"216.174","0","0.00119507","3.2","6.69","1.9236","0.096","0.096","4.07","0.3448","0.417","0.417","29.5731","1"
"060750303023","0.172002","0.172002","0.163","0.163","0.582","0.582","0.195122","0.195122","0.927","0.927","0.113","0.113","378.977","0","0.00178957","6.3981","10.7178","2.4983","0.077","0.077","2.16451","0.2606","0.239","0.239","29.2931","1"
"060750212001","0.137712","0.137712","0.099","0.099","0.241","0.241","0.134181","0.134181","0.989","0.989","0.013",,"253.404","0","0.0014446","5.9","5.44","3.0756","0.042","0.042","6.63544","2.1589","0.4","0.4","29.2131","1"
"060750311001","0.138291","0.138291","0.131","0.131","0.541","0.541","0.165101","0.165101","0.941","0.941","0.069",,"146.231","0","0.000514316","3.6001","9.9101","1.9475","0.074","0.074","4.12305","1.438","0.245","0.245","28.5931","1"
"060750212003","0.137712","0.137712","0.099","0.099","0.241","0.241","0.134181","0.134181","0.989","0.989","0.013",,"273.354","0","0.000840903","5.8979","5.444","3.0746","0.042","0.042","14.8055","2.1589","0.4","0.4","28.5265","1"
"060750133005","0.19699","0.19699","0.17","0.17","0.289","0.289","0.178378","0.178378","0.958","0.958","0.064","0.064","191.644","0","0.000353245","3.2","6.69","1.9236","0.118","0.118","3.53535","0.3448","0.379","0.379","27.9198","1"
"060750308002","0.17400619456","0.17400619456","0.21200020655","0.21200020655","0.484999","0.484999","0.05737310944",,"0.95800099559","0.95800099559","0.05300004567",,"357.532","0","0.00239087","4.7","8.31","2.7004","0.09000010366","0.09000010366","0.43802","0.2606","0.21200018115","0.21200018115","27.6331","1"
"060750306002","0.21164510246","0.21164510246","0.20100010057","0.20100010057","0.389","0.389","0.06629807062","0.06629807062","0.99300053734","0.99300053734","0.03700000877",,"433.669","0","0.0056733","4.6997","8.3104","2.7002","0.06900006315","0.06900006315","3.21395","0.2606","0.22200011343","0.22200011343","27.6197","1"
"060750171012","0.130178","0.130178","0.107","0.107","0.195","0.195","0.093899","0.093899","0.986","0.986","0",,"304.051","0","0","6.4","14.389","3.6512","0.065","0.065","5.44465","2.9093","0.437","0.437","27.5399","1"
"060750303022","0.17200206371","0.17200206371","0.1630000711","0.1630000711","0.582","0.582","0.19512205779","0.19512205779","0.92700037801","0.92700037801","0.11300004732","0.11300004732","496.6","0","0.000930043","6.3991","10.719","2.4981","0.07700003041","0.07700003041","2.89017","0.2606","0.23900010267","0.23900010267","27.2865","1"
"060750307001","0.17523504786","0.17523504786","0.17200004923","0.17200004923","0.483","0.483","0.12078202818","0.12078202818","0.91900024056","0.91900024056","0.01500000943",,"354.045","0","0.00107277","4.6267","8.4166","2.6502","0.1080000219","0.1080000219","4.07786","0.2606","0.19400007525","0.19400007525","27.2798","1"
"060750307003","0.1752350081","0.1752350081","0.17200000986","0.17200000986","0.483","0.483","0.12078200267",,"0.91900004458","0.91900004458","0.01500000247",,"344.05","0","0.00212204","4.7","8.31","2.7004","0.10800000419","0.10800000419","3.35008","0.2606","0.19400000986","0.19400000986","26.9531","1"
"060750211004","0.149512","0.149512","0.114","0.114","0.32","0.32","0.146593","0.146593","0.985","0.985","0.01",,"244.863","0","0.000645516","5.9","5.44","3.0756","0.092","0.092","4.0209","2.1589","0.323","0.323","26.5798","1"
"060750309001","0.18733014528","0.18733014528","0.215000177","0.215000177","0.536","0.536","0.0798610479",,"0.93300079982","0.93300079982","0.07400004425",,"358.962","0","0.00154317","4.7","8.31","2.7004","0.08300007514","0.08300007514","2.8399","0.2606","0.139000177","0.139000177","26.2998","1"
"060750428001","0.276199","0.276199","0.203","0.203","0.327","0.327","0.097582",,"0.971","0.971","0.036",,"55.3479","0","0.000801902","4.2986","12.6859","2.71","0.065","0.065","2.1446","0.3448","0.22","0.22","26.2863","1"
"060750307002","0.17523500588","0.17523500588","0.17200000668","0.17200000668","0.483","0.483","0.12078200564","0.12078200564","0.91900003221","0.91900003221","0.01500000134",,"231.397","0","0.000982907","4.1549","9.1029","2.3272","0.10800000373","0.10800000373","3.924","0.6863","0.19400001339","0.19400001339","25.9398","1"
"060750218003","0.16446367107","0.16446367107","0.10999978","0.10999978","0.263001","0.263001","0.14865470269","0.14865470269","0.980998038","0.980998038","0.00499999",,"181.308","0","0.000921498","3.6004","9.9108","1.9477","0.035999928","0.035999928","4.83091","2.1589","0.27499945","0.27499945","25.2331","1"
"060750304005","0.19571202756","0.19571202756","0.15400003091","0.15400003091","0.539","0.539","0.160229033","0.160229033","0.93300012587","0.93300012587","0.09500002526","0.09500002526","331.071","0","0.00124983","6.4","10.72","2.498","0.06700001635","0.06700001635","2.79441","0.2606","0.17900002393","0.17900002393","24.9598","1"
"060750213002","0.170221","0.170221","0.106","0.106","0.252","0.252","0.116908","0.116908","0.979","0.979","0.022",,"254.721","0","0.00184591","5.6062","6.011","2.9315","0.065",,"1.64667","2.1589","0.284","0.284","24.2664","1"
"060750304002","0.195712","0.195712","0.154","0.154","0.539","0.539","0.160229","0.160229","0.933","0.933","0.095","0.095","411.6","0","0.00245594","6.3996","10.7193","2.4981","0.067","0.067","0.963391","0.2606","0.179","0.179","23.9731","1"
"060750304003","0.195712","0.195712","0.154","0.154","0.539","0.539","0.160229","0.160229","0.933","0.933","0.095","0.095","409.544","0","0.000719568","6.4","10.72","2.498","0.067","0.067","3.1561","0.2765","0.179","0.179","23.6265","1"
"060750306001","0.2116448149","0.2116448149","0.20099984852","0.20099984852","0.389001","0.389001","0.06629796391","0.06629796391","0.99299917197","0.99299917197","0.03699997681",,"451.841","0","0.00123101","4.8831","8.6426","2.6581","0.06899996892","0.06899996892","2.6178","0.2606","0.2219998393","0.2219998393","22.6198","1"
"060750304004","0.19571162957","0.19571162957","0.15399971555","0.15399971555","0.539001","0.539001","0.16022870469","0.16022870469","0.9329982299","0.9329982299","0.09499982925","0.09499982925","369.596","0","0.00101582","6.4","10.72","2.498","0.06699987845","0.06699987845","1.6835","0.2606","0.17899966023","0.17899966023","22.3065","1"
"060750301021","0.141026","0.141026","0.124","0.124","0.378","0.378","0.085751","0.085751","0.982","0.982","0.041",,"310.471","0","0.00108568","3.733","9.9596","2.0518","0.038",,"1.41954","1.5903","0.347","0.347","21.5998","1"
"060750306003","0.211645","0.211645","0.201","0.201","0.389","0.389","0.066298","0.066298","0.993","0.993","0.037",,"432.218","0","0.000198737","4.7088","8.3225","2.6993","0.069","0.069","2.1589","0.2606","0.222","0.222","19.2932","1"
